titleId,Title,Day,Upload Day
758037,참교육,1,mon
835531,최애캐의 고민상담소,1,mon
822657,환생천마,1,mon
774866,똑 닮은 딸,1,mon
796075,절대검감,1,mon
602910,윈드브레이커,1,mon
830015,어느날 갑자기 가슴이 커짐,1,mon
654774,소녀의 세계,1,mon
834886,노곤하개 쇼츠,1,mon
795297,신화급 귀속 아이템을 손에 넣었다,1,mon
183559,신의 탑,1,mon
817859,왕과의 야행,1,mon
783052,퀘스트지상주의,1,mon
822573,귀촌리,1,mon
832703,시한부 천재가 살아남는 법,1,mon
796867,버림받은 왕녀의 은밀한 침실,1,mon
806189,별난식당,1,mon
821195,회귀한 공작가의 막내도련님은 암살자,1,mon
821626,수상한 다이어트 클럽,1,mon
774863,팔이피플,1,mon
807775,천재 타자가 강속구를 숨김,1,mon
813552,우아한 욕망,1,mon
827322,무벌전,1,mon
826348,잘 헤어지는 방법,1,mon
817945,어린이집 다니는 구나,1,mon
835082,연애리뷰,1,mon
833702,파브르 in 사천당가,1,mon
834261,최악의 세대,1,mon
825332,아포칼립스에 집을 숨김,1,mon
832243,"정신 차려, 전승연",1,mon
818403,학식의 꿈,1,mon
759940,만렙돌파,1,mon
768536,잔불의 기사,1,mon
835905,인생은 한방,1,mon
783535,제왕,1,mon
835698,ZD,1,mon
21815,히어로메이커,1,mon
829195,우주천마 3077,1,mon
730174,칼가는 소녀,1,mon
831416,중세 판타지 속 망나니 경비조장,1,mon
834686,시리도록 불꽃처럼,1,mon
818780,영업 천재가 되었다,1,mon
835553,비서실세,1,mon
828167,구야는 신입,1,mon
836785,폐황후 마리아,1,mon
814594,개같이 탈출,1,mon
818588,진주,1,mon
826381,피폐물을 힐링물로 만드는 방법,1,mon
834006,벤타블랙,1,mon
820897,마왕을 그만둔 이유,1,mon
769663,더블클릭,1,mon
824890,폭력의 왕,1,mon
836812,회귀했는데 세상이 안 망함,1,mon
752414,리턴 투 플레이어,1,mon
823190,K학원 생존기,1,mon
828365,위험하지 않아요 NPC씨,1,mon
828127,황후의 짐승간택,1,mon
833596,모솔대첩,1,mon
823022,막장 악녀,1,mon
768534,수영만화일기,1,mon
834548,시간을 돌아온 황후의 납치 결혼,1,mon
814362,시한부의 아이까지 뺏으려 합니다,1,mon
835194,소소한 기행,1,mon
827160,기생몽,1,mon
834511,트럭기사 태그배 경,1,mon
818668,보스리턴,1,mon
756140,라서드,1,mon
829714,타이탄,1,mon
774870,찌질하지만 로맨스는 하고 싶어,1,mon
834181,연애보다 결혼,1,mon
833908,제국 최고의 악녀를 사랑하게 되었습니다,1,mon
820800,다육이는 잘 자란다,1,mon
814116,악녀교실,1,mon
814566,제국 제일의 상속녀가 되었습니다,1,mon
803518,서브 남주가 파업하면 생기는 일,1,mon
827077,기사식당,1,mon
831547,아직 제목 없음,1,mon
734574,영앤리치가 아니야!,1,mon
819202,두 번째 삶은 힐링라이프?,1,mon
823536,요리사가 되고 싶은 천마님,1,mon
834372,황태자의 소꿉친구로 살아남기,1,mon
824208,솔로스쿨,1,mon
827290,"세계 서열 0위님, 제발 그만해 주세요",1,mon
822193,녹빛자정의 연인,1,mon
804782,악당과 악당이 만나면,1,mon
801517,퇴근 후에 만나요,1,mon
832104,게임마스터,1,mon
819698,나의 보이소프렌드,1,mon
828103,러브 로스팅,1,mon
819983,내가 왜 킬러?!,1,mon
812403,컨트롤X,1,mon
817019,날 먹는 건 금지양!,1,mon
805437,피폐물의 해피엔딩을 위하여,1,mon
804469,원하나,1,mon
808760,어쌔신 크리드 - 잊혀진 사원,1,mon
821763,찔레꽃 그늘 아래,1,mon
828670,우리 안 사귀어!!,1,mon
817757,티엔다비스 - 완벽한 구원을 위하여,1,mon
833414,연애복붙,1,mon
829666,한국에서 히어로 하기 힘들더라,1,mon
832674,숭늉버블티,1,mon
827318,두번째 신의아이,1,mon
824272,피말리는 과대생활,1,mon
834733,여우별잡이,1,mon
816528,어느날 짝남에게 공작님이 빙의했다,1,mon
783053,,2,tue
835736,중증외상센터 : 외과의사 백강혁,2,tue
835531,최애캐의 고민상담소,2,tue
821597,괴력 난신,2,tue
821192,좋아? 죽어!,2,tue
833255,낢이 사는 이야기 - 계속되는 미미한 인생,2,tue
828715,절대회귀,2,tue
819929,서울 자가에 대기업 다니는 김 부장 이야기,2,tue
812594,신입사원 김철수,2,tue
814543,마음의소리2,2,tue
813454,이섭의 연애,2,tue
789979,멸망 이후의 세계,2,tue
730656,사신소년,2,tue
833705,귀혼,2,tue
822556,유부 감자,2,tue
743139,한림체육관,2,tue
801711,시한부인 줄 알았어요!,2,tue
774358,천마는 평범하게 살 수 없다,2,tue
817247,못 잡아먹어서 안달,2,tue
783877,하북팽가 막내아들,2,tue
773459,용사가 돌아왔다,2,tue
824750,서툰 군인,2,tue
818448,욕망일기Deep,2,tue
834369,엄마를 만나러 가는 길,2,tue
804653,유사연애,2,tue
817366,내 남편의 정부에게,2,tue
818434,아카데미 플레이어를 죽였다,2,tue
795658,초인의 게임,2,tue
833416,구룡:사로카,2,tue
800726,사표내고 이계에서 힐링합니다,2,tue
832557,회귀한 용병은 다 계획이 있다,2,tue
828920,청춘 러브썸,2,tue
809618,신과함께 돌아온 기사왕님,2,tue
804783,사변괴담,2,tue
828908,긁지 않은 복권,2,tue
836848,44교시 생존수업,2,tue
812161,도태교실,2,tue
698918,원주민 공포만화,2,tue
830106,백작가의 비밀스런 시녀님,2,tue
829743,아포칼립스에 물류센터를 숨김,2,tue
818192,염라강림,2,tue
833243,전리품 공작부인,2,tue
822198,사람의 탈,2,tue
819223,암호는 002!,2,tue
835751,윈터브리즈,2,tue
818969,약 파는 황태자,2,tue
828292,개집사,2,tue
814834,체탐자,2,tue
616239,윌유메리미,2,tue
836361,킬링필드,2,tue
769209,화산귀환,3,wed
835030,자기 자?,3,wed
747269,전지적 독자 시점,3,wed
811721,무직백수 계백순,3,wed
814826,"울어 봐, 빌어도 좋고",3,wed
797443,운명을 보는 회사원,3,wed
804862,백XX,3,wed
834033,썰:관계주의,3,wed
807178,캐슬2:만인지상,3,wed
823195,쌉초의 난,3,wed
717481,일렉시드,3,wed
775141,66666년 만에 환생한 흑마법사,3,wed
822862,사천당가의 검신급 소가주가 되었다,3,wed
816809,별을 품은 소드마스터,3,wed
821321,1등급 싸움과외,3,wed
834502,천마는 조용히 살고싶다,3,wed
835801,달마건,3,wed
806888,왕따가 격투기를 너무 잘함,3,wed
824230,내 여자친구는,3,wed
821793,마음의소리(였던 것),3,wed
824888,이기적 연애론,3,wed
808018,흔한 빙의물인 줄 알았다,3,wed
750184,나쁜사람,3,wed
807019,베이비 폭군,3,wed
817945,어린이집 다니는 구나,3,wed
818888,어느 마법사의 식당,3,wed
828170,흑사,3,wed
808455,중간에서 만나,3,wed
829211,건곤불이기,3,wed
814421,강철을 먹는 플레이어,3,wed
642598,조선왕조실톡,3,wed
835762,신수 유치원,3,wed
836382,첩자의 마교생활,3,wed
750826,빌드업,3,wed
808272,악의 등교,3,wed
833681,명품관의 진상,3,wed
829418,엔드리스 서머,3,wed
829830,대장전,3,wed
836685,연기깡패,3,wed
834566,남제,3,wed
827614,"시바, 만만치 않다",3,wed
602916,칼부림,3,wed
814048,마님이네 미국 시골집 이야기,3,wed
730425,판타지 여동생!,3,wed
835753,결혼은 당신 형과,3,wed
780253,두 번 사는 프로듀서,3,wed
833611,소방관,3,wed
805737,황후를 훔친 이는 누구인가,3,wed
832667,내 분신이 거물이 되어간다,3,wed
832095,귀령,3,wed
747271,나노마신,4,thu
812354,육아일기,4,thu
835531,최애캐의 고민상담소,4,thu
800770,재벌집 막내아들,4,thu
835206,"송이연 50살, 이혼 한 달 차",4,thu
836052,마흔 즈음에,4,thu
746857,무사만리행,4,thu
817246,할배무사와 지존 손녀,4,thu
834886,노곤하개 쇼츠,4,thu
823285,기자매,4,thu
808482,게임 속 바바리안으로 살아남기,4,thu
834421,구세라,4,thu
813563,마도귀환록,4,thu
835809,쓰레기의 법칙,4,thu
762279,정글쥬스,4,thu
780170,나 혼자 네크로맨서,4,thu
823971,이세계 캠핑으로 힐링 라이프,4,thu
783888,현실퀘스트,4,thu
828294,작두,4,thu
812629,내향남녀,4,thu
836066,당신의 살인을 위하여,4,thu
823933,배달왕,4,thu
822765,사형집행관,4,thu
826321,종말에서 살아남기,4,thu
790239,가족같은 XX,4,thu
802272,독거미,4,thu
835435,검은 머리 영국 의사,4,thu
785727,국세청 망나니,4,thu
809625,시한부 천재 암흑기사,4,thu
758659,오빠세끼,4,thu
826341,별정직 공무원,4,thu
131385,쿠베라,4,thu
570506,최강전설 강해효,4,thu
833489,종이호랑이,4,thu
826322,백투더찬비,4,thu
797731,순정빌런,4,thu
800007,관계중독,4,thu
824264,천마님 안마하신다,4,thu
823663,불효자,4,thu
833388,배드 본 블러드,4,thu
823439,검은 늑대가 나를 부르면,4,thu
829875,사시미 한 자루로 아카데미를 씹어먹음,4,thu
822105,룸비니,4,thu
801698,게임 최강 트롤러,4,thu
776668,마왕까지 한 걸음,4,thu
814538,오만의 시대,4,thu
836648,눈에 밟힌 발걸음,4,thu
835019,업셋,4,thu
820786,VS,4,thu
827298,후회조차 사치인 당신들에게,4,thu
641253,외모지상주의,5,fri
777767,역대급 영지 설계사,5,fri
773797,나 혼자 만렙 뉴비,5,fri
821192,좋아? 죽어!,5,fri
735661,재혼 황후,5,fri
799837,사신,5,fri
808389,나 혼자 탑에서 농사,5,fri
835116,천중용문,5,fri
725586,1초,5,fri
765804,A.I. 닥터,5,fri
802278,천하제일 대사형,5,fri
790245,어쩌다보니 천생연분,5,fri
822556,유부 감자,5,fri
804160,전남편의 미친개를 길들였다,5,fri
834035,로맨스 저주,5,fri
817032,열렙전사 3부,5,fri
820097,아카데미에서 살아남기,5,fri
798917,"언니, 이번 생엔 내가 왕비야",5,fri
803792,연애의 기록,5,fri
800046,문제적 왕자님,5,fri
821814,가장 썩은 것을 줄게,5,fri
773476,서울역 드루이드,5,fri
823737,사자의 서,5,fri
677452,체크포인트,5,fri
828950,돈구멍,5,fri
766563,히어로 킬러,5,fri
826422,아르마딜로,5,fri
814289,그거 사랑 아니야,5,fri
773916,말년용사,5,fri
828292,개집사,5,fri
813641,도깨비의 밤,5,fri
828167,구야는 신입,5,fri
835752,예쁘세요,5,fri
801736,폭군님은 착하게 살고 싶어,5,fri
826580,성북구 비둘기 이헌서,5,fri
827326,파티에서 추방된 영웅이 너무 뛰어남,5,fri
828148,하남자,5,fri
827744,남궁세가 비인격,5,fri
794102,킬 더 드래곤,5,fri
823437,하는 사이,5,fri
827863,초등생활 그림일기,5,fri
758675,그 기사가 레이디로 사는 법,5,fri
814310,흑요석의 신부,5,fri
822557,여동생은 오늘 밤 나를 간택한다,5,fri
823773,남편은 한 명으로 족하다,5,fri
835089,만두 생활기록부,5,fri
836683,아티팩트 먹는 플레이어,5,fri
818149,천재 배우의 아우라Aura,5,fri
819620,벌집,5,fri
835030,,6,sat
818791,개꿈,6,sat
826670,아수라,6,sat
807777,마도전생기,6,sat
833255,낢이 사는 이야기 - 계속되는 미미한 인생,6,sat
827190,시든 꽃에 눈물을,6,sat
721948,스터디그룹,6,sat
816798,킬러 배드로,6,sat
832677,절대군림,6,sat
823195,쌉초의 난,6,sat
792651,99강화나무몽둥이,6,sat
801475,세레나,6,sat
773796,망나니 소교주로 환생했다,6,sat
808439,킬러경찰,6,sat
819946,멸망한 가문의 회귀자,6,sat
820371,비질란테 2부,6,sat
772853,"나태 공자, 노력 천재 되다",6,sat
814766,신입사원 강 회장,6,sat
824750,서툰 군인,6,sat
818448,욕망일기Deep,6,sat
824543,오늘만 사는 기사,6,sat
813443,황제의 검,6,sat
64997,나이트런,6,sat
733280,나를 바꿔줘,6,sat
822114,짜장 한 그릇에 제갈세가 데릴사위,6,sat
808757,야매 힐러로 사는 법,6,sat
817958,왕의 힘으로 회귀한다,6,sat
833361,호붕빵 아저씨,6,sat
818409,멸망한 세계의 취사병,6,sat
827164,마왕,6,sat
820354,인생존망2,6,sat
822080,사랑하는 나의 억압자,6,sat
801324,민간인 통제구역 - 일급기밀,6,sat
616239,윌유메리미,6,sat
835526,미스 펜들턴,6,sat
807029,묘약마녀,6,sat
814048,마님이네 미국 시골집 이야기,6,sat
797184,대충 캠퍼스로맨스임,6,sat
816614,나를 미워하던 남편이 기억을 잃었다,6,sat
732021,탑코너,6,sat
809722,부패의 사제,6,sat
823190,K학원 생존기,6,sat
703630,어글리후드,6,sat
835805,전세계 랭킹 1위 초보자,6,sat
703839,홍시는 날 좋아해!,6,sat
828880,데이워커,6,sat
814509,회귀자의 은퇴 라이프,6,sat
835557,우리 길드 아이돌,6,sat
834351,집구석 절대자,6,sat
834391,내 호수에 가둔 인어,6,sat
812354,육아일기,7,sun
835531,최애캐의 고민상담소,7,sun
811721,무직백수 계백순,7,sun
758150,입학용병,7,sun
737628,별이삼샵,7,sun
779632,일타강사 백사부,7,sun
821851,기기괴괴2,7,sun
821953,하자인간,7,sun
805193,천화서고 대공자,7,sun
833620,개짓,7,sun
833052,문스트럭,7,sun
759567,판사 이한영,7,sun
836370,냉동무사,7,sun
827335,소년교도소,7,sun
813564,아카데미의 천재칼잡이,7,sun
823933,배달왕,7,sun
803909,나 혼자 특성빨로 무한 성장,7,sun
832566,2회차 환관이 남성을 되찾음,7,sun
835693,여자사람친구,7,sun
774831,수희0(tngmlek0),7,sun
834396,아마도 무적불패,7,sun
642598,조선왕조실톡,7,sun
833182,본즈,7,sun
795529,아카데미에 위장취업당했다,7,sun
824295,천재 무림 트레이너,7,sun
799805,분신으로 자동사냥,7,sun
811219,"고수, 후궁으로 깨어나다",7,sun
798664,자매전쟁,7,sun
822570,최후의 모험가,7,sun
829785,사부님들이 구독 중,7,sun
835119,축구천재로 오해받는 중입니다,7,sun
835910,고대동물기,7,sun
827908,소년법칙,7,sun
823025,재벌의 품격,7,sun
819912,환생좌,7,sun
789966,장풍전,7,sun
655746,마법스크롤 상인 지오,7,sun
695796,내일,7,sun
818862,혼자 다 해 먹는 천재 암살자,7,sun
834765,살인예정자,7,sun
835423,던전짐꾼,7,sun
800788,약빨이 신선함,7,sun
819696,죽거나 혹은 사랑에 빠지거나,7,sun
769658,경자 전성시대,7,sun
818806,이웃집 연하,7,sun
818368,피폐물 남주의 엄마가 되었다,7,sun
778322,무서운게 딱좋아!,7,sun
822875,악녀는 조용히 살고 싶을 뿐인데!,7,sun
836657,주먹 쓰는 천재 마법사,7,sun
834168,피행기,7,sun
836614,연애 주의,8,dailyPlus
835197,형형섹섹,8,dailyPlus
836267,"천재, 세상을 읽다",8,dailyPlus
834934,배덕의 메커니즘,8,dailyPlus
835951,화산파 천재검귀,8,dailyPlus
835895,죽은 연인이 폭군이 되어 돌아왔다,8,dailyPlus
835080,"성녀, 저주",8,dailyPlus
827814,충족,8,dailyPlus
823186,열혈강호 리마스터,8,dailyPlus
833793,밤의 방문자,8,dailyPlus
836359,고인물 힐러가 너무 강하다,8,dailyPlus
835983,불변의 법칙,8,dailyPlus
828043,19년지기의 하룻밤,8,dailyPlus
835586,라이칸,8,dailyPlus
836479,회귀 닥터는 조용히 살고 싶었다,8,dailyPlus
824200,미친 짓인 줄 알면서도,8,dailyPlus
830016,"닥터, 조선 가다",8,dailyPlus
836466,대기업 말단이 일을 잘함,8,dailyPlus
817301,화산파 역대급 천재,8,dailyPlus
835779,죽음 뒤에 알게 된 것들,8,dailyPlus
829421,"달아나봐, 내게서",8,dailyPlus
835938,신의 메스,8,dailyPlus
816685,악마의 소원,8,dailyPlus
827813,"부부, 어디까지 가능해?",8,dailyPlus
835692,갱생교실,8,dailyPlus
812462,유물읽는 감정사,8,dailyPlus
835897,무지개를 보는 천재마법사,8,dailyPlus
807080,악마는 없다,8,dailyPlus
835343,우리 그냥 만나,8,dailyPlus
835201,클레바테스-마수왕과 아기와 시체용사,8,dailyPlus
835521,탐닉,8,dailyPlus
819386,수상한 소공자는 천하십대고수,8,dailyPlus
836877,고교정벌 : 일진과의 전쟁,8,dailyPlus
836357,이 짐승은 밤잠이 없다,8,dailyPlus
804364,육식고,8,dailyPlus
835741,사령 가문의 어린 가주,8,dailyPlus
835732,제로0 - 미래를 바꾸는 마도사,8,dailyPlus
806823,잠입! 재벌고,8,dailyPlus
797153,일진담당일진,8,dailyPlus
821520,어디까지 괜찮아?,8,dailyPlus
835894,대표님의 개가 되겠습니다,8,dailyPlus
836071,목표는 위자료입니다,8,dailyPlus
817925,울부짖는 역린,8,dailyPlus
824204,심해수,8,dailyPlus
829234,전전긍긍 마교교주,8,dailyPlus
833241,미래를 보는 투자자,8,dailyPlus
829542,사채왕의 천재손자,8,dailyPlus
835332,폭군 아빠는 내가 지킨다!,8,dailyPlus
808269,지옥락,8,dailyPlus
837279,하나의 연애,9,finish
730174,칼가는 소녀,9,finish
830015,어느날 갑자기 가슴이 커짐,9,finish
783052,퀘스트지상주의,9,finish
796251,홍 의관의 은밀한 비밀,9,finish
820354,인생존망2,9,finish
732021,탑코너,9,finish
807029,묘약마녀,9,finish
821776,무제인간,9,finish
835531,최애캐의 고민상담소,9,finish
821192,좋아? 죽어!,9,finish
801324,민간인 통제구역 - 일급기밀,9,finish
828400,우리들의 사정,9,finish
822095,진돌히디만화,9,finish
818255,무원야담,9,finish
808533,좀비X슬래셔,9,finish
812907,1825일,9,finish
821814,가장 썩은 것을 줄게,9,finish
753478,데드퀸,9,finish
824240,자멸기관,9,finish
821981,오아뉴-멱살 한번 잡힙시다,9,finish
818909,개같은 아빠,9,finish
836584,루나샵에 어서오세요!,9,finish
768536,잔불의 기사,9,finish
823536,요리사가 되고 싶은 천마님,9,finish
805691,무진,9,finish
793853,악마라고 불러다오,9,finish
803767,대위님! 이번 전쟁터는 이곳인가요?,9,finish
821608,그 남자의 정원,9,finish
824237,에밀리의 저택,9,finish
794651,두 번째 딸로 태어났습니다,9,finish
821973,부부의 의무를 원하신다면,9,finish
798331,규격 외 혈통 천재,9,finish
820104,흔한햄,9,finish
826440,낫오버,9,finish
822109,여명의 등불,9,finish
822309,마침표의 유예기간,9,finish
804868,팀장님은 신혼이 피곤하다,9,finish
836325,마녀 어머니와 좀비 아들,9,finish
801517,퇴근 후에 만나요,9,finish
824782,불편한 편의점,9,finish
183559,신의 탑,9,finish
780063,달이 없는 나라,9,finish
687915,꿈의 기업,9,finish
823972,내가 쓴 소설 속 주인공들이 나를 죽이려 드는데요?,9,finish
811841,죽고 싶습니다,9,finish
814371,시한부 기사가 되었다,9,finish
804832,커플브레이커,9,finish
834571,살아남은 약속,9,finish
824001,귀신새가 지저귀면,9,finish
809870,두꺼비집,9,finish
748535,마른 가지에 바람처럼,9,finish
742105,미래의 골동품 가게,9,finish
814599,수인 보호소에서 남주를 입양해 버렸다,9,finish
818674,"아, 연애하고 싶다",9,finish
823192,달이 뜨지 않는 도시,9,finish
818360,우리는 후라이족,9,finish
812223,3X3!,9,finish
823066,삼덕천하,9,finish
773793,필리아로제 - 가시왕관의 예언,9,finish
821336,여고생이 신인데 나만 괴롭힘,9,finish
818810,반려짐승,9,finish
801106,전생했더니 신입사원,9,finish
809706,사랑받는 시집살이,9,finish
802079,청춘계시록,9,finish
821047,걔의 질투,9,finish
818850,사냥개의 회귀본능,9,finish
794743,스토커의 하루,9,finish
822577,소희 훔치기,9,finish
821979,개구리 인간,9,finish
818358,비서 말고 여자,9,finish
818567,나의 신은 욕망꾸러기,9,finish
812414,포 더 퀸덤,9,finish
829965,늙은 아버지의 나날,9,finish
835500,아버지의 복수는 끝이 없어라,9,finish
813598,황금의 세계를 너에게,9,finish
822111,날 닮은 아이,9,finish
805481,사랑은 없는 것처럼,9,finish
814213,용사보다 너무 강해서 힘을 숨김,9,finish
768469,여우놀이,9,finish
822640,소꿉친구 컴플렉스,9,finish
816876,주인공이 힘을 숨김,9,finish
738487,하루만 네가 되고 싶어,9,finish
819230,일홀도,9,finish
835170,차린 건 없지만,9,finish
814742,좀비묵시록 82-08,9,finish
823001,프로페서,9,finish
817179,급발진 로맨스,9,finish
817927,공동급식구역,9,finish
761722,세기말 풋사과 보습학원,9,finish
746534,낙향문사전,9,finish
827175,저승사자:제령무사,9,finish
822874,삼이는 재생한다,9,finish
804418,세기말 데빌,9,finish
819689,구원자의 버킷리스트,9,finish
791126,내남친 킹카만들기,9,finish
834876,너에게 도달하는 방법,9,finish
819716,처음을 줄게!,9,finish
817987,오늘의 일기예보,9,finish
818622,아빠는 버츄얼 아이돌,9,finish
819426,다크 판타지 속 성기사,9,finish
819748,탑아이돌의 막내 멤버가 되었다,9,finish
821378,천 살 연하 황제가 집착한다,9,finish
828658,러브 인 바디,9,finish
822885,이혼 후 코인 대박,9,finish
807308,나를 낳아줘,9,finish
810283,잔반없는 날,9,finish
834875,너와 나의 거리,9,finish
800034,헬크래프트,9,finish
801710,인섹터,9,finish
823496,일파만파,9,finish
818643,키스는 자기 전에,9,finish
814820,상사불상사,9,finish
809056,너나 나나,9,finish
774862,조조코믹스,9,finish
803794,더 해머,9,finish
798182,디펜스 게임의 폭군이 되었다,9,finish
820546,유주의 우주,9,finish
817631,학생만 하면 안 될까요?,9,finish
741825,꽃만 키우는데 너무 강함,9,finish
812558,더 베이비시터,9,finish
823433,판박귀,9,finish
819292,사피엔드,9,finish
817346,파도의 포말,9,finish
822578,친애하는 연서,9,finish
792949,괴이,9,finish
834530,완벽한 연애,9,finish
821095,함부로 친절하지 말라,9,finish
821807,선빵필승!,9,finish
805702,토마토가 돼라!,9,finish
814781,미친 재능의 플레이어,9,finish
772734,최후의 금빛아이,9,finish
823016,야간근무,9,finish
800778,칼끝에 입술,9,finish
828670,우리 안 사귀어!!,9,finish
814407,프린키피아,9,finish
800796,온리호프,9,finish
813625,내가 사랑한 물고기,9,finish
805368,"이러면 안 돼요, 전하!",9,finish
795542,칼에 취한 밤을 걷다,9,finish
812143,집착 흑막들의 시터가 되어버렸다,9,finish
797819,우투리: THE LEGACY,9,finish
819054,시한부 황후의 나쁜 짓,9,finish
821091,오빠 그건 오해야,9,finish
834532,조선 세자빈 실종 사건,9,finish
819910,홍끼의 메소포타미아 신화,9,finish
801455,완벽한 파트너,9,finish
803649,밤마다 남편이 바뀐다,9,finish
818146,악역을 길들인 줄 알았는데,9,finish
797844,폭군 남편과 이혼하겠습니다,9,finish
807826,내게 종말은 게임이다,9,finish
817177,괴물 의상실,9,finish
827393,용사님이 일진들을 물리쳐요,9,finish
822827,음악천재를 위하여,9,finish
831770,2024 루키 단편선,9,finish
811716,결혼 시뮬레이션,9,finish
803123,연애 연기대상,9,finish
813949,손 잡은 사이,9,finish
785251,시월드가 내게 집착한다,9,finish
820888,먹뀌싸,9,finish
813180,맞바람을 핀다는 건,9,finish
800585,소름일기,9,finish
741467,너의 미소가 함정,9,finish
814587,펜홀더,9,finish
804329,약탈 신부,9,finish
784845,"울어주세요, 황태자님",9,finish
819206,형사본색,9,finish
810561,왕자님 짠내밥상,9,finish
819462,피폐물 남주에게 꽃길을,9,finish
778410,사기캐,9,finish
772764,죽지 않으려면,9,finish
753223,악령주의보,9,finish
776255,천마육성,9,finish
821408,연애일기,9,finish
796152,마루는 강쥐,9,finish
821855,뜻밖의 청혼,9,finish
833876,소녀히어로,9,finish
801105,저주가 저주가 아닌 게 저주,9,finish
827386,F컷,9,finish
827297,그대에게 이 별을!,9,finish
807829,평화식당,9,finish
823076,강한 누나,9,finish
792120,아이돌의 비밀 스터디,9,finish
819436,환수왕,9,finish
784248,내가 키운 S급들,9,finish
807582,랜덤타겟,9,finish
818205,빛나는 나나나나,9,finish
833875,데드맨,9,finish
833877,푸른 여름 단편선,9,finish
819201,망겜의 시체줍는 천재전사,9,finish
822004,사악한 공작 영애의 우울,9,finish
802833,보스였음,9,finish
789652,인과관계,9,finish
833703,와해된 시선,9,finish
833711,쎄쎄쎄,9,finish
833712,치렐루야,9,finish
833713,나를 햇볕에 묻어줘,9,finish
833714,한량은 빡세,9,finish
817365,악당 가족이 독립을 반대한다,9,finish
784107,달로 만든 아이,9,finish
818528,공녀님의 꽃밭에는 그들이 산다,9,finish
820169,부동산이 없는 자에게 치명적인,9,finish
778967,랑데뷰,9,finish
821812,이발소 밑 게임가게,9,finish
801580,백설을 위하여,9,finish
786269,마법사가 죽음을 맞이하는 방법,9,finish
808994,흑화한 노예남을 길들였다,9,finish
814512,사내연애 사절!,9,finish
808198,촉법소년,9,finish
828875,꿈드림 어드벤처,9,finish
817371,"사랑아, 영원해!",9,finish
833397,조선롹스타,9,finish
800598,시크릿 플레이어,9,finish
832679,나이스 ThinQ Time,9,finish
751168,상남자,9,finish
802039,루루라라 우리네 인생,9,finish
790840,"오, 친애하는 숙적",9,finish
814356,성검전설,9,finish
820710,어느 날 남편이 생겼다,9,finish
833168,희망상조,9,finish
818020,"사랑, 그거 어떻게 하는 건데",9,finish
778578,위닝샷!,9,finish
804157,첫날밤만 세 번째,9,finish
802819,궤도의 아이들,9,finish
796252,"다비, 아찔하게 흐르는",9,finish
797221,비밀친구,9,finish
813097,도돌이표,9,finish
818965,미리보기,9,finish
806505,수플레 팬 케이크,9,finish
738694,튜토리얼 탑의 고인물,9,finish
818645,미친 황제가 나를 안을 때,9,finish
787061,소공녀 민트,9,finish
724815,아홉수 우리들,9,finish
805203,바스티안,9,finish
797937,순수한 동거생활,9,finish
815326,SPT - 박쥐의 시간,9,finish
780172,변방의 외노자,9,finish
702608,랜덤채팅의 그녀!,9,finish
832751,구리의 구리구리 컴백,9,finish
832750,구리의 구리구리,9,finish
679568,마이너스의 손,9,finish
715206,ㅋㄷㅋㄷ만화,9,finish
791205,파운더,9,finish
821050,"그 머리 긴 선배, 이름이 뭐더라?",9,finish
821085,무능력자,9,finish
827906,늘봄가든,9,finish
813963,악녀인데 하필 남편이 잘생겼다,9,finish
812381,귀비나리,9,finish
808738,남사친의 법칙,9,finish
819172,남사친과 실수는 추천하지 않습니다,9,finish
799250,헥토파스칼,9,finish
832554,아무것도 하고 싶지 않아,9,finish
832551,썸머썸,9,finish
764480,트리거,9,finish
819057,아이 하나,9,finish
793275,작전명 순정,9,finish
745876,플레이어,9,finish
812851,망치하르방,9,finish
802835,겨울 정원의 하와르,9,finish
814885,그 남학생에게 고백하지 마십시오,9,finish
828427,물귀신,9,finish
721433,집이 없어,9,finish
832281,종이비행기를 날리면,9,finish
829780,고자여자,9,finish
813335,얼짱시대,9,finish
793374,완벽한 부부는 없다,9,finish
803371,애증화음,9,finish
823021,피부과 만렙남,9,finish
801449,일신상의 이유로 잠시 휴재합니다,9,finish
816643,작까세요,9,finish
817119,왕신황제,9,finish
798101,왕게임,9,finish
794421,북부 공작님을 유혹하겠습니다,9,finish
814125,악당의 끝은 선택이 아니다,9,finish
318992,우연일까?,9,finish
814288,종말권유,9,finish
817583,2회차 최강 고교생,9,finish
801505,뮤즈 온 유명,9,finish
830852,나는 너를 모른다,9,finish
808677,최고의 뿔소라,9,finish
816817,S.K.T(Swallow Knights Tales),9,finish
828014,당신이 범인이야!,9,finish
821589,순결을 그대에게,9,finish
794155,버려진 나의 최애를 위하여,9,finish
804145,에브리띵 이즈 파인,9,finish
796618,1331,9,finish
829779,오늘부터 0촌!,9,finish
824749,내 연애 너 있다,9,finish
753304,아침을 지나 밤으로,9,finish
796302,베니루 BAENIRU,9,finish
809261,거짓말의 뉘앙스,9,finish
818015,신의 집사,9,finish
817956,신은 주사위 놀이를 하는가?,9,finish
784843,멸망급 빌런들의 선생님,9,finish
817342,지옥2:부활자,9,finish
730694,초인의 시대,9,finish
829011,버닝이펙트,9,finish
812561,자기 취향 존중,9,finish
771718,수요웹툰의 나강림,9,finish
776256,역주행!,9,finish
817816,더 휠,9,finish
819275,왜 아직도,9,finish
806449,당신이 나를 믿으신다면,9,finish
818188,오후가 멈추도록,9,finish
795330,선배는 나빠요!,9,finish
790404,쓰레기는 쓰레기통에!,9,finish
750558,로어 올림푸스,9,finish
670143,헬퍼 2 : 킬베로스,9,finish
812731,죽었던 너와 다시 시작하기,9,finish
828960,킬링 허니,9,finish
828961,무한세계,9,finish
828963,블로섬 데이즈,9,finish
828962,메이드 인 헤븐,9,finish
827319,2024 근황검진,9,finish
794644,사랑하는 여배우들,9,finish
808804,렌탈히어로,9,finish
798326,시체기사 군터,9,finish
787463,왕은 그림자 숲에 잠든다,9,finish
800828,용두사망 소설 속의 악녀가 되었다,9,finish
793615,소년만화에서 살아남기,9,finish
748536,사상최강,9,finish
723046,하우스키퍼,9,finish
794105,주인님을 잡아먹는 방법,9,finish
828373,애늙은이,9,finish
828372,탑톤스쿨,9,finish
648419,뷰티풀 군바리,9,finish
743838,소녀재판,9,finish
817034,갑!자기 건물주,9,finish
812168,강아지는 멍멍하고 짖지 않아!,9,finish
813410,神장산범,9,finish
812144,사장님이 미쳤어요,9,finish
820460,박제하는 시간,9,finish
813571,여친을 찾아서,9,finish
817611,일진만화에서 살아남기,9,finish
812560,돈내놔,9,finish
808286,썩은 핑크의 법칙,9,finish
801809,연애고수,9,finish
796062,좀간,9,finish
697533,미시령,9,finish
816852,팔문의 옥,9,finish
783599,블러드 리벤저,9,finish
805658,신컨의 원 코인 클리어,9,finish
761496,도무지 그애는,9,finish
768468,불편한 관계,9,finish
807537,서울밤피어,9,finish
800504,그 남자의 은밀한 하루,9,finish
812121,자매의 사생활,9,finish
813403,사이비 러브,9,finish
827862,로그북,9,finish
741891,결혼생활 그림일기,9,finish
745654,백호랑,9,finish
817122,아무래도 결혼을 잘못한 것 같다,9,finish
817637,천마의 후손이 되었다,9,finish
803120,두 번 사는 음악천재,9,finish
795929,권리행사자,9,finish
822075,첫날밤을 보낸 그 악녀를 찾습니다,9,finish
809558,나랑 해요,9,finish
814298,이상형,9,finish
827575,하늘에서 떨어진 폴,9,finish
827576,메시아 콤플렉스,9,finish
818861,마이 데몬,9,finish
799220,여름의 너에게,9,finish
751208,뫼신 사냥꾼,9,finish
729036,합법해적 파르페,9,finish
816522,미라주,9,finish
813455,어린 상사,9,finish
800775,고양이 키스,9,finish
816818,미워할 거야,9,finish
827353,그래도 괜찮다,9,finish
798277,아슈타르테,9,finish
711422,삼국지톡,9,finish
804994,"숨, 죽이다",9,finish
799016,어느 백작 영애의 이중생활,9,finish
732988,올가미,9,finish
808388,해골협객,9,finish
802033,"집사, 주세요!",9,finish
802854,주작연애,9,finish
801590,숲속에서 공작이 주운 것은,9,finish
808791,용한 동거인,9,finish
816659,대신 살쪄주는 여자,9,finish
809872,룸9,9,finish
794742,로또 황녀님,9,finish
793067,버그이터,9,finish
793553,이계진입 리로디드,9,finish
816541,쉿! 페어링 중...,9,finish
818575,산타 스카우트,9,finish
823017,쇼윈도 탈출,9,finish
701535,격기3반,9,finish
807542,어둠 속의 닭은 울지 않는다,9,finish
805743,우리 집 고양이 보고 갈래?,9,finish
797582,로잘린 보가트,9,finish
823999,2024 내일 뭐 입지?,9,finish
826663,데이 오어 나이트,9,finish
824161,2024 너네 뭐 먹니?,9,finish
808473,예명여고,9,finish
818820,돌아온 쿠쿠짱,9,finish
818351,동녘과 백야,9,finish
819867,감금 구역 레벨 X,9,finish
802849,사기 친 공작님을 유혹해버렸다,9,finish
812344,사생돌,9,finish
817999,"그 악녀, 남자입니다",9,finish
809579,윗집 그 남자,9,finish
826423,고기인간,9,finish
807397,고백어택,9,finish
800333,사이다걸,9,finish
780267,오!너의 리스크,9,finish
552960,더 게이머,9,finish
813334,잘못된 연애,9,finish
807406,당신의 그림자를 그만두었을 때,9,finish
825001,달달한 지구,9,finish
796779,날 죽일 마법사는 누구,9,finish
792694,폰투스 : 극야2,9,finish
813451,내가 만든 이세계,9,finish
784835,관찰일기,9,finish
812352,청춘만개,9,finish
801589,놓지마 정신줄 시즌3,9,finish
816610,독점쾌락,9,finish
819647,당신의 사랑,9,finish
795333,기묘한 만화,9,finish
780414,오빠집이 비어서,9,finish
812660,찐한 고백,9,finish
735078,먹지마세요,9,finish
800506,웅크,9,finish
783520,재앙의 날,9,finish
776655,마법사랑해,9,finish
824522,용두캅,9,finish
807600,악취해결사,9,finish
798172,내곁엔 없을까,9,finish
818438,서과장은 산재처리 됐을까,9,finish
803530,애구애구,9,finish
805705,도망 여주의 옆집에 살고 있습니다,9,finish
799838,메소드 연기법,9,finish
797442,멜빈이 그들에게 남긴 것,9,finish
767908,아이즈,9,finish
808776,엘프,9,finish
712362,개를 낳았다,9,finish
772729,반짝반짝 작은 눈,9,finish
805323,히어로 더 맥시멈,9,finish
802913,이런 미친 엔딩,9,finish
808454,반대로 끌리는 사이,9,finish
730657,오로지 너를 이기고 싶어,9,finish
812118,불면증을 치료했더니 폭군이 집착합니다,9,finish
805429,발칙한 춘향,9,finish
809054,네이처맨,9,finish
770523,흑막 여주가 날 새엄마로 만들려고 해,9,finish
798173,이상한 변호사 우영우,9,finish
810450,올빼미와 여름 하늘,9,finish
802389,궤짝,9,finish
802840,저 그런 인재 아닙니다,9,finish
811129,러브 똘츄얼리,9,finish
807159,포스트 팬데믹,9,finish
774832,같은 학교 친구,9,finish
804159,너무 잘 보이는 그녀,9,finish
823529,그녀만의 마네킹,9,finish
823527,슈퍼리치,9,finish
807164,펀치드렁커드,9,finish
778325,미친 후작을 길들이고 말았다,9,finish
802906,우리 무슨 사이야?,9,finish
801515,비서 일탈,9,finish
800304,황제사냥,9,finish
774039,나의 계절,9,finish
808711,쥴리에타의 드레스 업,9,finish
728750,장씨세가 호위무사,9,finish
812383,후드,9,finish
779446,스윗 싱가포르,9,finish
794383,브레이커 : 이터널 포스,9,finish
789612,마녀의 소녀,9,finish
751993,보물과 괴물의 도시,9,finish
703847,35cm,9,finish
814596,이번 생은 케이팝 리벤지,9,finish
823069,중간계 사우나,9,finish
791629,입술이 예쁜 남자,9,finish
772243,모스크바의 여명,9,finish
784852,어메이징 스파이더맨,9,finish
814149,집착광공 집사전락,9,finish
802986,잿더미 황후,9,finish
784582,소년 검사,9,finish
787729,나쁜 마법사의 꿈,9,finish
813843,맛집,9,finish
802293,앞집나리,9,finish
790453,갓트,9,finish
792277,따개비,9,finish
799165,나의 불편한 상사,9,finish
800077,동통대학교,9,finish
814207,옥타곤 리벤지,9,finish
810682,범상찮은 밤,9,finish
797727,무간도시,9,finish
822835,나쁜 상사,9,finish
808074,트러블리걸,9,finish
799868,행운을 부탁해!,9,finish
811908,대박사건,9,finish
794458,보고 있지?,9,finish
792645,사랑의 새싹약국,9,finish
801998,코인 리벤지,9,finish
478261,선천적 얼간이들,9,finish
701700,트롤트랩,9,finish
807655,너와 XX,9,finish
811664,소녀셋 소년셋,9,finish
819050,연민의 굴레 + 쉬는 시간,9,finish
794939,루크 비셸 따라잡기,9,finish
774869,홍대 바이브,9,finish
794161,복수를 위한 결혼동맹,9,finish
812124,유쾌한 왕따(재),9,finish
786496,아사,9,finish
802359,세라는 망돌,9,finish
821800,외향남녀,9,finish
790713,대학원 탈출일지,9,finish
791062,매지컬 급식:암살법사,9,finish
784850,버티면 10억,9,finish
792280,아인슈페너,9,finish
797410,남편을 죽여줘요,9,finish
784989,배트맨: 웨인 패밀리 어드벤처,9,finish
736277,싸움독학,9,finish
807393,귀환했는데 입대 전날이다,9,finish
819222,다섯번째 벽,9,finish
799524,절대복종,9,finish
807356,불쌍해야 하는 남자,9,finish
776542,네가 죽기를 바랄 때가 있었다,9,finish
670145,킬더킹,9,finish
800390,하얀 사자의 비밀 신부,9,finish
804871,넷시의 비밀,9,finish
805671,공작저의 붉은 밤,9,finish
791255,관심종자,9,finish
778991,몸이 바뀌는 사정,9,finish
768473,천치전능,9,finish
780404,물위의 우리,9,finish
784580,묘령의 황자,9,finish
812645,망겜의 현금술사,9,finish
798622,천상의 주인,9,finish
798296,제 3 아파트,9,finish
804989,굿헌팅,9,finish
808732,괴담게임,9,finish
805334,짐승의 꽃,9,finish
801035,퍼니게임,9,finish
772725,물어보는 사이,9,finish
739115,앵무살수,9,finish
768474,장미같은 소리,9,finish
783527,그렇고 그런 바람에,9,finish
791632,낙원의 이론,9,finish
807858,은밀한 재택근무,9,finish
819217,12시네점심,9,finish
791256,파견체,9,finish
799156,인자강,9,finish
804372,당신의 소유주,9,finish
774302,하루의 하루,9,finish
798293,굿바이 유교보이,9,finish
761461,순정말고 순종,9,finish
798333,간택주의보,9,finish
740132,중독연구소,9,finish
798919,여주가 사기 스킬을 얻음,9,finish
809597,킬링대디,9,finish
797259,"이 결혼, 새로고침",9,finish
783050,신군,9,finish
802751,네 것이었던 것,9,finish
808265,방송은 방송으로 봐,9,finish
797932,청춘일지,9,finish
803934,나랑X할래?,9,finish
739411,왕세자 입학도,9,finish
784813,퇴마록,9,finish
783117,만능잡캐,9,finish
758439,던전 씹어먹는 아티팩트,9,finish
802940,행성인간2: 행성의,9,finish
802551,너를 돌려차는 방법,9,finish
703844,가비지타임,9,finish
755744,왕년엔 용사님,9,finish
778580,최강부캐,9,finish
783540,여름여자 하보이,9,finish
777515,쌈빡,9,finish
816575,정신병동에도 아침이 와요,9,finish
805746,케찰코아틀 - 다빗,9,finish
797115,옆집남자 친구,9,finish
805745,케찰코아틀 - 헤수스,9,finish
760002,반귀,9,finish
757904,호랑이 들어와요,9,finish
799509,손 안의 안단테,9,finish
802578,신의 최애캐,9,finish
803458,비스트번,9,finish
774044,투신전생기,9,finish
784140,후궁 스캔들,9,finish
804055,아포크리파,9,finish
802939,우리가 아니면,9,finish
778656,봐선 안되는 것,9,finish
802070,시선 끝 브로콜리,9,finish
803119,"푸른 밤, 황홀의 윤무",9,finish
807436,원룸,9,finish
753853,"플레이, 플리",9,finish
729040,가타부타타,9,finish
793410,별빛 커튼콜,9,finish
794423,너의 키스씬,9,finish
774451,아빠같은 남자,9,finish
762035,달의 요람,9,finish
802872,DARK MOON: 회색 도시,9,finish
819687,온 퍼레이드,9,finish
819690,사람 냄새,9,finish
819691,"헤어진 다음날, 달리기",9,finish
797253,메리의 불타는 행복회로,9,finish
774864,존잘주의,9,finish
761601,열녀박씨 계약결혼뎐,9,finish
801555,언다잉,9,finish
817960,소년 소녀 연애하다,9,finish
819429,아스라이,9,finish
803541,이야기 들어주는 남자,9,finish
783814,엑스애쉬,9,finish
787500,은탄,9,finish
801593,사내고충처리반,9,finish
809619,솔그린,9,finish
808508,줄리에게,9,finish
753839,빅맨,9,finish
819267,별의 아씨,9,finish
814541,ㅋㅋ단편.zip,9,finish
808654,택배기사,9,finish
802117,겨울특강,9,finish
650305,호랑이형님,9,finish
785703,애옹식당,9,finish
819043,학교걔담,9,finish
785749,슈퍼스타 천대리,9,finish
805156,고양이 타타,9,finish
801277,그림자 잡기,9,finish
816636,2023 루키 단편선,9,finish
793685,황후의 립스틱,9,finish
804163,호랑이 새끼,9,finish
801038,성스러운 그대 이르시길,9,finish
802733,크림슨 하트,9,finish
783536,해시의 신루,9,finish
775631,완벽한 결혼의 정석,9,finish
783523,내가 죽기로 결심한 것은,9,finish
803010,로맨스가 가능해?,9,finish
818853,공포특급,9,finish
818854,영감,9,finish
818855,인간적인 너무나 인간적인,9,finish
792317,결혼공략,9,finish
817081,오늘은 나랑 만나,9,finish
814398,로맨스 당도 백퍼센트,9,finish
811634,또다시 열일곱,9,finish
804158,죽어도 다시 한번!,9,finish
805657,이단,9,finish
807859,성스러운 작가생활,9,finish
789682,짝사랑의 마침표,9,finish
800400,AI 유하,9,finish
818781,배니싱 트윈,9,finish
796368,세번째 로망스,9,finish
801827,랭커,9,finish
710751,약한영웅,9,finish
799213,어떤소란,9,finish
816842,50대덕툰,9,finish
804318,죽음으로 구원하사,9,finish
797761,싱글브로,9,finish
808073,금요일에 만나요,9,finish
748831,별을 삼킨 너에게,9,finish
814805,이 주길럼의 전장,9,finish
806264,씨앗의 정원,9,finish
802941,"모든 숨마다, 너",9,finish
778968,밤을 깨우는 마법,9,finish
597447,프리드로우,9,finish
774051,남편을 만렙으로 키우려 합니다,9,finish
793350,미나 이퀄,9,finish
802985,에이전트,9,finish
792372,산의 시간,9,finish
815272,뿌리를 찾아서,9,finish
795262,사형소년,9,finish
803122,인생영화,9,finish
806776,노인의 꿈,9,finish
727188,취사병 전설이 되다,9,finish
784838,천신의 요람,9,finish
801773,하나는 적고 둘은 너무 많아,9,finish
796242,위대한 겸상,9,finish
794192,실버벨,9,finish
797258,"너의 순정, 나의 순정",9,finish
728128,합격시켜주세용,9,finish
799148,지니오패스,9,finish
788976,특수청소,9,finish
799467,내겐 너무 소란한 결혼,9,finish
806817,일진과의 전쟁,9,finish
817784,크리스마스는 쨈과 함께,9,finish
805907,나 없는 단톡방,9,finish
786979,별을 쫓는 소년들,9,finish
786973,DARK MOON: 달의 제단,9,finish
769193,아가사,9,finish
783539,희란국연가,9,finish
801951,끈,9,finish
771912,THE 런웨이,9,finish
793388,주부 육성중,9,finish
801820,햄버거가 제일 좋아,9,finish
758665,샤인 스타,9,finish
805893,연기는 처음인데요?!,9,finish
797943,원수가 나를 유혹할 때,9,finish
799557,이분의 여름,9,finish
775140,인피니티,9,finish
800858,싸움꾼,9,finish
766648,위아더좀비,9,finish
785837,혼전계약서,9,finish
793944,오늘의 비너스,9,finish
786262,생존고백,9,finish
799503,간첩 18세,9,finish
758677,히트포인트,9,finish
670152,열렙전사,9,finish
801428,천년간 노려왔습니다,9,finish
816820,키드갱,9,finish
764623,오로지 오로라,9,finish
804761,30일간의 악마,9,finish
783861,헤어지면 죽음,9,finish
784841,최종보스 공대장,9,finish
802401,파란 거짓말,9,finish
807578,구멍,9,finish
800312,이십팔세기 광팬,9,finish
797468,누나! 나 무서워,9,finish
800618,도깨비 부른다,9,finish
790879,선배는 남자아이,9,finish
807776,달과 인어,9,finish
753975,내게 필요한 NO맨스,9,finish
795926,마귀,9,finish
20853,마음의소리,9,finish
794156,지옥연애환담,9,finish
789645,시간과 사연,9,finish
730607,평행도시,9,finish
805356,이종 격투기,9,finish
791258,부캐인생,9,finish
791140,메모리얼,9,finish
758666,꼬리잡기,9,finish
790416,나의 작은 서점,9,finish
795041,"아마도, 굿모닝",9,finish
796980,선을 넘은 연애,9,finish
799226,너에게 입덕중,9,finish
784507,푸쉬오프,9,finish
790409,진짜 진짜 이혼해,9,finish
785701,가상&RPG,9,finish
813089,성역의 기묘한 이야기,9,finish
797461,호환의 상,9,finish
789029,한입만!,9,finish
758660,네버엔딩달링,9,finish
812356,직구일기,9,finish
787669,뉴심:교체인생,9,finish
770068,나타나주세요!,9,finish
719508,헬58,9,finish
784842,리얼월드 ; 밸런스붕괴자,9,finish
774040,"또다시, 계약 부부",9,finish
783865,돌&아이,9,finish
778963,덴큐,9,finish
806261,"네가 있고, 내가 없는",9,finish
764129,살아남은 로맨스,9,finish
789651,위험한 남편을 길들이는 법,9,finish
799478,서울시 천사주의,9,finish
799464,집사가 되어줘,9,finish
795537,이 짝사랑은 억울하다!,9,finish
741449,용왕님의 셰프가 되었습니다,9,finish
775334,"행운을 빌어요, 용사님!",9,finish
784506,환상연가,9,finish
792955,프레이,9,finish
784844,어둠이 밀려오면,9,finish
796059,우산 없는 애,9,finish
758667,사랑의 헌옷수거함,9,finish
780409,보스의 노골적 취향,9,finish
796066,환생한 왕세자가 도도해봤자,9,finish
783595,필생기,9,finish
812127,DC 플래시: 세상에서 제일 빠른 남자,9,finish
727784,사냥개들,9,finish
812933,아낌없이 프러포즈,9,finish
793274,다시쓰는 연애사,9,finish
793617,영애의 경호관,9,finish
794944,하렘에서 살아남기,9,finish
800331,지옥 키우기,9,finish
793130,방과후 레시피,9,finish
795643,호랑신랑뎐,9,finish
788167,가짜 동맹,9,finish
793887,물고기로 살아남기,9,finish
797105,홀리데이,9,finish
812589,그마남 이야기,9,finish
812601,임술년 화요일,9,finish
774703,"아, 쫌 참으세요 영주님!",9,finish
800392,노량진 공격대,9,finish
771065,중매쟁이 아가 황녀님,9,finish
797417,천재의 게임방송,9,finish
796324,"황궁에 핀 꽃은, 미쳤다",9,finish
783532,안미운 우리들,9,finish
802865,강남의 기사,9,finish
761599,결혼까지 망상했어!,9,finish
769568,반드시 해피엔딩,9,finish
778228,교환학생,9,finish
794103,개인정보 제공에 동의하십니까?,9,finish
812152,사랑니S,9,finish
789591,디나운스,9,finish
785260,배달의 신,9,finish
784834,한 달 서른 날,9,finish
778707,시에라,9,finish
783862,마녀의 심판은 꽃이 된다,9,finish
792125,로맨틱 태평수산,9,finish
784854,어벤저스: 지구 최강의 영웅들,9,finish
794965,사공은주,9,finish
809590,이번 생도 잘 부탁해 - 기억의 한 조각,9,finish
811986,내 귀에 너,9,finish
792780,경비실에서 안내방송 드립니다,9,finish
801516,아이돌만 하고 싶었는데,9,finish
807071,휴재일기,9,finish
756139,스포,9,finish
795649,달이 사라진 밤,9,finish
793283,악몽의 형상,9,finish
794671,마녀이야기,9,finish
811617,사랑은 비를 타고,9,finish
778284,은둔코인,9,finish
783863,이게 아닌데,9,finish
793696,재생존경쟁,9,finish
792654,밀행,9,finish
794417,프로듀스 온리원,9,finish
771018,찐:종합게임동아리,9,finish
800099,장트러블,9,finish
801442,크라임 퍼즐 시즌2,9,finish
801582,흙탕물,9,finish
810364,있을 수가 없어,9,finish
710747,세상은 돈과 권력,9,finish
766966,태시트,9,finish
785253,이별 후 사내 결혼,9,finish
773473,전설의 화석,9,finish
794224,밀실 마피아 게임,9,finish
786978,7FATES: CHAKHO,9,finish
758587,자취방 신선들,9,finish
788170,나만의 고막남친,9,finish
807831,2023 요즘연애 특),9,finish
780191,선남친 후연애,9,finish
769662,온실 속 화초,9,finish
794152,호걸옹주,9,finish
795292,보나파르트,9,finish
809218,옷장 속 해골과 로버맨스,9,finish
785855,짝사랑 마들렌,9,finish
801008,진검승부,9,finish
703846,여신강림,9,finish
808955,시크릿 코드,9,finish
794942,모노마니아,9,finish
803222,이세계 용사가 지구를 구하는 이유,9,finish
795256,B와 D사이의 C,9,finish
791631,삼체,9,finish
796247,널 사랑하는 죽은 형,9,finish
570503,연애혁명,9,finish
756137,노답소녀,9,finish
780137,"오직, 밝은 미래",9,finish
783971,이별학,9,finish
793113,우리 은하,9,finish
784837,귀령왕,9,finish
797760,마침내 사랑이에요 마왕님!,9,finish
807996,월야환담,9,finish
796903,불청객,9,finish
791616,미니어처 생활백서,9,finish
787465,철수와 영희 이야기,9,finish
793279,1학년 9반,9,finish
755668,마녀와 용의 신혼일기,9,finish
798177,키미앤조이,9,finish
770964,키스 식스 센스,9,finish
800039,데스코드,9,finish
792950,30일 후,9,finish
764622,풋내기들,9,finish
795927,불가침영역,9,finish
798991,단톡방의 쓰레기들,9,finish
745652,신이 담긴 아이,9,finish
791936,키스의 여왕,9,finish
784518,"대공님, 실수였어요!",9,finish
783518,그 남주와 이별하는 방법,9,finish
769801,사막에 핀 달,9,finish
793652,상사몽,9,finish
746834,청춘 블라썸,9,finish
781339,숨겨진 성녀,9,finish
794980,개와 사람의 시간,9,finish
765322,그 황제가 시곗바늘을 되돌린 사연,9,finish
772691,돌아온 여기사,9,finish
667573,연놈,9,finish
770030,급식러너,9,finish
789478,늑대처럼 홀로,9,finish
780881,이제야 연애,9,finish
786920,미치도록 너만을,9,finish
805931,"소녀의 디딤돌 : 희망, 함께 날다",9,finish
737021,마도,9,finish
758676,조선여우스캔들,9,finish
776656,최면학교,9,finish
784826,마성의 공작님은 잠 못 이루고,9,finish
791847,스치면 인연 스며들면 사랑,9,finish
769747,아찔한 전남편,9,finish
771330,태권보이,9,finish
725829,아도나이,9,finish
783525,악녀 18세 공략기,9,finish
792720,이건 그냥 연애 이야기,9,finish
787730,꼰대 관찰자,9,finish
792379,베어케어,9,finish
787314,줄리엣의 나라,9,finish
758664,사람은 고쳐 쓰는 게 아니야!,9,finish
791937,6월의 라벤더,9,finish
784819,좋아하게 될 거야,9,finish
785693,실버 쥬얼,9,finish
783769,내 남편과 결혼해줘,9,finish
750582,광해의 연인,9,finish
789434,베스트 프렌드,9,finish
795235,살고 싶어? 그럼 키스해,9,finish
791058,아마도,9,finish
758671,황제와의 하룻밤,9,finish
789664,적월의 나라,9,finish
794422,비타운,9,finish
728126,고삼무쌍,9,finish
745589,범이올시다!,9,finish
751207,천하제일인,9,finish
804370,간 떨어지는 출근,9,finish
745472,온새미로,9,finish
784823,밑빠진 용병대에 돈 붓기,9,finish
801950,고교흥신소,9,finish
769551,대신 심부름을 해다오,9,finish
797107,이중 나선,9,finish
794154,남편 먹는 여자,9,finish
733277,도사 가온,9,finish
805436,깜찍이 해피데이,9,finish
805670,터치터치 그대,9,finish
793383,살인자의 쇼핑 목록,9,finish
786189,잿빛도 색이다,9,finish
740034,견우와 선녀,9,finish
770477,그녀석 정복기,9,finish
790705,잿빛오름,9,finish
784833,지금부터 황제의 마음을 빼앗겠습니다,9,finish
805366,국선변호사,9,finish
773524,거래하실래요?,9,finish
762277,지옥급식,9,finish
793072,팬인데 왜요,9,finish
774043,메트로헌터,9,finish
784829,R-X,9,finish
800360,나쁜 피,9,finish
798100,쿠쿠쿠쿠,9,finish
803907,도전! 집콕취미,9,finish
771985,모어 라이프,9,finish
786883,또 다른 사랑,9,finish
785250,원작은 완결난 지 한참 됐습니다만,9,finish
783056,여고생 드래곤,9,finish
783256,상위1%,9,finish
729086,이계 무슨 황비,9,finish
742351,소녀180,9,finish
735979,얼굴천재,9,finish
791253,비즈니스 여친,9,finish
783534,구사일생 로맨스,9,finish
785726,이븐 모어,9,finish
784890,7아이언,9,finish
791676,갇힌 방,9,finish
778579,스트릿 워크아웃,9,finish
764128,모두 너였다,9,finish
792725,밀당의 요정,9,finish
799862,통 엣지 [완전판],9,finish
762786,해귀,9,finish
787721,보듬보듬,9,finish
786882,좋아해 아니 싫어해,9,finish
790354,열린 지옥문 닫힘,9,finish
783106,수호하는 너에게,9,finish
738174,중증외상센터 : 골든 아워,9,finish
773522,1을 줄게,9,finish
794099,북경신보,9,finish
793662,흔들리는 세계로부터,9,finish
755559,태백 : 튜토리얼 맨,9,finish
773475,팬시X팬시,9,finish
794101,피그먼트,9,finish
784255,먹는 인생,9,finish
801824,컨트롤,9,finish
803799,서류상 아빠,9,finish
784830,신부가 필요해,9,finish
795123,연애의 발견,9,finish
773187,사랑과 평강의 온달!,9,finish
786498,하지만 너는 2D잖아,9,finish
774022,NG불가,9,finish
803515,전여친,9,finish
748105,독립일기,9,finish
785812,"구해줘, 호구!",9,finish
792718,안전한 하루 되세요!,9,finish
729938,금혼령-조선혼인금지령,9,finish
783526,혁명 뒤 공주는,9,finish
769987,하나in세인,9,finish
803216,리트라이,9,finish
767979,그림자 신부,9,finish
761104,"곱게 키웠더니, 짐승",9,finish
779627,보통아이,9,finish
524520,트럼프,9,finish
790880,나이트 언더 하트,9,finish
802882,빛나는 손을,9,finish
784853,이모털 헐크,9,finish
765157,좀비 파이트,9,finish
794668,클로닝,9,finish
793312,사생활 체크,9,finish
785583,택배 왔습니다,9,finish
800799,테러사이트,9,finish
771063,나는 어디에나 있다,9,finish
802584,10년째 차이는 소꿉친구,9,finish
773027,생존로그,9,finish
776143,독신마법사 기숙아파트,9,finish
792326,답은 정해져 있다,9,finish
784828,사파리 로맨스,9,finish
799442,2022 몰래보는 로맨스,9,finish
774853,무용과 남학생,9,finish
784847,해님의 용왕님,9,finish
802279,"화공, 해란",9,finish
802562,브레이커 (Breaker),9,finish
767874,동생친구,9,finish
801446,지금 우리 연구소는,9,finish
762073,나의 플랏메이트,9,finish
790625,불지옥 로맨스,9,finish
802004,미친 악마,9,finish
802005,위대한 유산,9,finish
802037,미래 남편 누구게?,9,finish
784851,층간소음,9,finish
788027,전남편과 동거중입니다,9,finish
318995,갓 오브 하이스쿨,9,finish
764022,거래,9,finish
783552,리트리츠,9,finish
794210,죄송한데 주인공이세요?,9,finish
801999,즐거우리 우리네 인생,9,finish
801740,나 홀로 섬에,9,finish
801743,사장님은 투타임,9,finish
746858,이번 생도 잘 부탁해,9,finish
795259,굿닥터,9,finish
768471,혼모노트,9,finish
769664,온에어,9,finish
783551,침묵의 밤,9,finish
784818,해일로의 아침,9,finish
777226,벽간소음,9,finish
783549,100,9,finish
801480,우주를 아홉번 건너,9,finish
801481,소장,9,finish
801483,그녀는 가면을 쓴다,9,finish
770590,기사님을 지켜줘,9,finish
785259,남주서치,9,finish
786910,레지나레나 - 용서받지 못한 그대에게,9,finish
764130,그들이 사귀는 세상,9,finish
793863,그녀의 육하원칙,9,finish
801249,루머의 법칙,9,finish
801251,사이코패스 히어로,9,finish
800600,쿠베라그 아레나,9,finish
753858,싸이코 리벤지,9,finish
776134,"나를 길들여 봐, 차비서",9,finish
761498,엔딩 후 서브남을 주웠다,9,finish
783529,미물,9,finish
801014,아마데우스(Amadeus),9,finish
801015,짝사랑은 동고동락,9,finish
777829,지구식 구원자 전형,9,finish
776669,빨간맛 로맨스,9,finish
788967,자장자장,9,finish
789543,들개,9,finish
775657,예쁜 사나이,9,finish
776096,짝사랑의 유서,9,finish
785303,벨과 야수의 근로계약,9,finish
774868,미혼남녀의 효율적 만남,9,finish
748534,구남친이 내게 반했다,9,finish
786987,더 퀸즈,9,finish
785584,미신,9,finish
785700,시벨롬 리스트,9,finish
771044,몬스터,9,finish
754872,헬로맨스,9,finish
773067,제타,9,finish
764951,좋은데 어떡해,9,finish
769802,더 나우,9,finish
757579,팔려 온 신부,9,finish
774300,주욱 같은 하루,9,finish
776790,폭탄주먹 변대장,9,finish
799793,가우스전자,9,finish
770844,구주,9,finish
761514,"라커, 오프너",9,finish
761565,테러대부활,9,finish
780266,당신의 여자가 되고 싶어요,9,finish
766503,마계인섬,9,finish
771095,프린스 메이커,9,finish
744384,경비 배두만,9,finish
758619,힙한남자,9,finish
784886,불쾌한 골짜기,9,finish
710761,하드캐리,9,finish
799775,라면 대통령,9,finish
752350,왕따협상,9,finish
799480,100억의 주인,9,finish
734918,모락모락 왕세자님,9,finish
775725,혀로 만난 사이,9,finish
788661,일상이 무너졌다,9,finish
731930,안개무덤,9,finish
799164,연두의 계절,9,finish
768472,말박왕,9,finish
784822,"한여름, 밤의 꿈",9,finish
796218,2022 스크롤금지,9,finish
792452,모텔 304호,9,finish
762781,성스러운 아이돌,9,finish
763851,뱀은 꽃을 먹는가,9,finish
775328,다꾸남,9,finish
783051,존망코인,9,finish
685460,골든 체인지,9,finish
784815,꼬드보,9,finish
787731,우주 최강의 첫사랑,9,finish
749639,남주의 첫날밤을 가져버렸다,9,finish
785450,적어주세요!,9,finish
778748,홍천기,9,finish
751992,오른눈이 보는 세계,9,finish
771933,굿 리스너,9,finish
748532,"안녕, 이바다씨",9,finish
769567,"주님, 악마가 되게 해주세요!",9,finish
781354,내과 박원장,9,finish
767919,야생천사 보호구역,9,finish
775318,황제에게 하트를 심어주세요,9,finish
739097,학교정벌,9,finish
766626,악몽일기,9,finish
797116,알뜰일기,9,finish
738145,숲속의 담,9,finish
683496,신도림,9,finish
777272,식인귀,9,finish
753222,시월드 판타지,9,finish
733034,방탈출,9,finish
797511,사주팔자,9,finish
797512,구덩이,9,finish
777221,다시 또 봄,9,finish
790829,소사이코티,9,finish
759457,여성전용헬스장 진달래짐,9,finish
769210,엽사:요괴사냥꾼,9,finish
769660,킬러방 : 퍼스트 킬,9,finish
795487,2022 그걸 네가 왜!,9,finish
731130,이두나!,9,finish
784816,방구석 히어로,9,finish
784836,인간의 자격,9,finish
744375,결백한 사람은 없다,9,finish
774706,감 비서가 고장났다,9,finish
792596,칼과 방울,9,finish
784820,헬스 시궁창인생 고등학교,9,finish
784840,행복을 만드는 방법,9,finish
784831,은의 정원,9,finish
770019,2-3승강장,9,finish
728061,돼지만화,9,finish
773417,포식동물,9,finish
774504,기계증식증,9,finish
773085,고등매직,9,finish
784825,내 최애가 위험해,9,finish
703849,요리GO,9,finish
778329,바퀴,9,finish
752530,원하는 건 너 하나,9,finish
739350,나쁜 쪽으로,9,finish
789528,오늘도 월월!,9,finish
758672,피로만땅,9,finish
759925,엽총소년,9,finish
777222,취향 소개소,9,finish
752462,데이즈,9,finish
736989,더 복서,9,finish
775690,블랙홀과 3만원,9,finish
783055,신림/남/22,9,finish
771717,멸망X초이스,9,finish
772401,니나의 마법서랍,9,finish
783054,쇼미더럭키짱!,9,finish
774865,사실 마법이었던 거임,9,finish
777853,다름이 아니라,9,finish
557672,기기괴괴,9,finish
718020,귀곡의 문,9,finish
774088,관종교장,9,finish
758670,웰컴 온보드,9,finish
784990,해피니스,9,finish
758661,유리와 유리와 유리,9,finish
772192,평범한 낙원,9,finish
776093,이상형은 아닙니다,9,finish
780988,길고양이 행진,9,finish
793005,유미의 작가 수칙,9,finish
624632,마루한 - 구현동화전,9,finish
759641,오늘 밤만 재워줘,9,finish
784810,사심폭발 로망스,9,finish
726214,정년이,9,finish
794416,화사 홍천기,9,finish
771720,소년의 기록,9,finish
794415,블러드레인2: 천외천,9,finish
765776,마지막 지수,9,finish
755982,벚꽃이 흩날릴 무렵,9,finish
724431,버그: 스티그마,9,finish
770524,오징어도 사랑이 되나요?,9,finish
597478,평범한 8반,9,finish
768467,푸른불꽃,9,finish
771910,불순물,9,finish
761709,오늘부터 천생연분,9,finish
774924,어느날 네가 떠올라!,9,finish
786622,고등단편.zip,9,finish
739127,피라미드 게임,9,finish
765821,사람의 조각,9,finish
793381,아이리스,9,finish
738809,아는 여자애,9,finish
761463,개밥 먹는 남자,9,finish
775723,스퍼맨4 : 전하지 못한 이야기,9,finish
727798,겟백,9,finish
740487,신비,9,finish
770015,"그 개, 만두",9,finish
777194,화가 살리에르,9,finish
790824,뽀샵일기,9,finish
783057,소극적 인간,9,finish
770873,야만의 시대,9,finish
775176,재난소년,9,finish
759418,감자마을,9,finish
764165,꽃 피우는 남자,9,finish
758678,루커피쳐,9,finish
775218,묵시의 인플루언서,9,finish
790044,고민남녀 방백커플,9,finish
778747,밤낚시,9,finish
792769,채수연,9,finish
744320,와이키키 뱀파이어,9,finish
715772,좀비딸,9,finish
784817,오늘의 컨셉,9,finish
758673,어차피 남편은!,9,finish
738143,여주실격!,9,finish
791620,피차일반,9,finish
752413,이중첩자,9,finish
784129,그 해 우리는 - 초여름이 좋아!,9,finish
766504,가짜인간,9,finish
789038,기후변화 그림일기,9,finish
736744,캐슬,9,finish
791619,파이어스,9,finish
764041,바로 보지 않는,9,finish
754780,인간졸업,9,finish
791117,불어오는 밤,9,finish
791266,배틀트레인,9,finish
770656,장난감,9,finish
785469,세라미안,9,finish
764797,[영화원작] 모럴센스,9,finish
791116,후작님을 녹이는 방법,9,finish
784821,인간대전,9,finish
787411,2022 서브병에 빠지다!,9,finish
762777,강림전기 개정기,9,finish
773523,탈영일지,9,finish
789988,용돈이 계속 늘어!,9,finish
756790,보살님이 캐리해!,9,finish
749633,피와 나비,9,finish
744381,오파츠,9,finish
789986,W : 너와 나의 세계,9,finish
789987,평행우주,9,finish
733076,겟라이프,9,finish
703850,자판귀,9,finish
789428,잔인한 축제,9,finish
789429,맥시멈퓨리,9,finish
789430,달빛세면소,9,finish
753806,매지컬 메디컬,9,finish
738483,안식의 밤,9,finish
753856,달콤살벌한 부부,9,finish
775337,지원이들,9,finish
789425,라나,9,finish
789426,보에,9,finish
789427,소녀행,9,finish
764040,빨리감기,9,finish
729963,가슴털 로망스,9,finish
733458,3cm 헌터,9,finish
750493,드로잉 레시피,9,finish
766575,착한건 돈이된다,9,finish
759420,이탄국의 자청비,9,finish
783022,비인간,9,finish
784827,무능빌런,9,finish
755601,성인초딩,9,finish
763308,나만 보여!,9,finish
771719,호수의 인어,9,finish
733033,로그아웃,9,finish
768466,내 룸메이트는 마네킹,9,finish
752533,새벽 두 시의 신데렐라,9,finish
785447,나의 최애를 지켜줘,9,finish
787670,38의 살인,9,finish
787722,안드로이드는 혈이 없어,9,finish
740481,천도,9,finish
786537,스파이더맨 단편선,9,finish
786932,바스키,9,finish
786933,갤러리L : 당신의 기억을 보관해드립니다,9,finish
786934,홀더,9,finish
786935,여고생 임연수,9,finish
756789,손 잡아 볼래?,9,finish
787145,[사전이벤트] 슈퍼캐스팅: BTS,9,finish
700844,걸어서 30분,9,finish
768470,썸내일,9,finish
771011,"찬란하지 않아도 괜찮아, 새벽",9,finish
740387,잉여특공대,9,finish
753973,후아유!,9,finish
755788,진짜 정말 맹세코 좋아해,9,finish
716857,오늘의 순정망화,9,finish
786266,트리니티 원더,9,finish
769317,삼매경,9,finish
761553,살아간다,9,finish
748069,선의의 경쟁,9,finish
755694,오피스 누나 이야기,9,finish
786206,리프로듀싱,9,finish
762237,"선배, 그 립스틱 바르지 마요",9,finish
759475,헬프미,9,finish
765822,연애는 전쟁!,9,finish
759924,악인,9,finish
754875,아이레,9,finish
783466,혁신적 얼간이들,9,finish
749632,파이게임,9,finish
758145,호시탐탐,9,finish
780506,"2021 최애캐 안녕, 잘 지내니?",9,finish
761587,방과후 선녀,9,finish
783588,이터널스,9,finish
743270,집사레인저,9,finish
739113,기억흔적,9,finish
732955,닥터앤닥터 육아일기,9,finish
729883,위험한 신입사원,9,finish
753509,광장,9,finish
736699,저승사자 출입금지,9,finish
783537,트로이 목마,9,finish
733728,강남도깨비,9,finish
780995,오늘도 기록생활,9,finish
780990,경기 GO,9,finish
783592,헤어진 다음날,9,finish
737019,조선홍보대행사 조대박,9,finish
783533,비밀상자,9,finish
783591,마스코마스코,9,finish
752340,남자주인공의 여자사람친구입니다,9,finish
780008,모죠의 데뷔 일Z,9,finish
739503,화이트 블러드,9,finish
777830,길티액스,9,finish
735254,신선비,9,finish
780151,기밀입니다,9,finish
783513,D.P 개의날,9,finish
709731,유일무이 로맨스,9,finish
741458,아르세니아의 마법사,9,finish
729563,압락사스,9,finish
780986,용감한 시민,9,finish
780987,야수의 날,9,finish
702672,노곤하개,9,finish
780984,엑스트라 데이즈,9,finish
749456,웰캄투실버라이프,9,finish
755581,단편.zip,9,finish
733079,원수를 사랑하라,9,finish
780857,우투리,9,finish
780983,롭플롭,9,finish
776541,약초마을 연쇄살초사건,9,finish
755674,AI가 세상을 지배한다면,9,finish
655749,닥터 프로스트 시즌 3~4,9,finish
751625,수상한 비밀상담부,9,finish
778741,나라 구한 전생,9,finish
728015,모죠의 일지,9,finish
736274,밤하늘에 구름운,9,finish
715935,롤랑롤랑,9,finish
779644,샹치,9,finish
746535,언메이크,9,finish
778740,산신의 주인입니다,9,finish
762071,욕망일기,9,finish
778153,유미의 세포들 외전 : 프로 직장인,9,finish
778739,하울링,9,finish
774087,도깨비 고개,9,finish
765471,환상의 용,9,finish
752531,완벽한 가족,9,finish
775721,블랙 위도우,9,finish
745409,소녀 해미,9,finish
749054,동네몬스터,9,finish
776763,EVE,9,finish
742782,함부로 대해줘,9,finish
724274,먹이,9,finish
736281,럭키언럭키,9,finish
776302,국왕과 성기사의 약탈혼,9,finish
761592,친구의 비밀계정,9,finish
752402,성경의 역사,9,finish
710760,이츠마인,9,finish
776301,이세계 세입자들,9,finish
730466,구독금지,9,finish
761102,바른탕진 프로젝트,9,finish
776306,위치헌트 (Witch Hunt),9,finish
758663,두근두근 연극부,9,finish
739292,두번째 생일,9,finish
762778,언플래시레슨,9,finish
724482,미드나잇 체이서,9,finish
776296,무의식의 숲,9,finish
746285,동트는 로맨스,9,finish
703852,바른연애 길잡이,9,finish
774035,탐의 굴,9,finish
557676,다이스(DICE),9,finish
733047,행성인간,9,finish
729044,난약,9,finish
626907,복학왕,9,finish
748045,빛빛빛,9,finish
773644,마물전담부대,9,finish
773419,신입일기,9,finish
747273,침범,9,finish
768433,브랜든,9,finish
736641,라일락 200%,9,finish
715159,갓핑크,9,finish
740135,어른의 계절,9,finish
742888,누군가의 로섬,9,finish
729767,고래별,9,finish
738843,불릿 6미리,9,finish
747637,더 트웰브,9,finish
749055,각자의 디데이,9,finish
745473,노선도,9,finish
761596,말하는대로,9,finish
773648,연주동 일가족 살인사건,9,finish
773650,의도적 외면,9,finish
729326,맘마미안,9,finish
773645,로맨스는 살벌하게,9,finish
773640,대디고라운드,9,finish
773643,도리내리,9,finish
772005,아내를 죽였다,9,finish
773642,오늘또오늘,9,finish
742826,토끼대왕,9,finish
735243,복학생 정순이,9,finish
726095,살人스타그램,9,finish
741150,당신의 향수,9,finish
745236,스몰,9,finish
747666,도를 아십니까,9,finish
772002,불티,9,finish
772004,제7원,9,finish
774762,DEY 호러채널(일반판),9,finish
738194,당신의 과녁,9,finish
771993,늑대가 되는 법,9,finish
744313,죽여주는 탐정님,9,finish
738173,셈하는 사이,9,finish
771990,"소년, 남자의 이름으로",9,finish
730391,하슬라,9,finish
738177,감히,9,finish
738144,별종,9,finish
771988,지금은 삽질 중,9,finish
771989,알바걸과 워킹맨,9,finish
706590,피플,9,finish
721455,뱀파이어의 꽃,9,finish
733770,인간의 온도,9,finish
770386,미스테리 게임,9,finish
770387,유니버스 000,9,finish
754781,바이러스X,9,finish
737377,민간인 통제구역,9,finish
741894,꼬리 있는 연애,9,finish
637931,전자오락수호대,9,finish
769688,혼신,9,finish
772235,그 해 여름,9,finish
728900,인어를 위한 수영교실,9,finish
737839,도롱이,9,finish
662774,고수,9,finish
769685,"꿀잠, 재워주세요!",9,finish
733078,정보전사 202,9,finish
736928,스테어스,9,finish
769684,용련,9,finish
769689,상연,9,finish
743031,사장님을 잠금해제,9,finish
746786,두근두근 네가 좋아서,9,finish
758674,스트러글,9,finish
747370,여름은 뜨겁다,9,finish
743423,스윗솔티,9,finish
726091,오일머니,9,finish
759894,평화선도부,9,finish
728007,도플갱어의 게임,9,finish
690503,도망자,9,finish
679543,아테나 컴플렉스,9,finish
751492,커피도둑,9,finish
735247,장단에 맞춰줘!,9,finish
745474,서브 콤플렉스,9,finish
766982,희망강림,9,finish
734399,여기 악마가 있어,9,finish
745235,피노키오 소녀,9,finish
766658,똑똑한 나 인증,9,finish
731978,정순애 식당,9,finish
729571,소심한 팔레트,9,finish
748352,한강예찬,9,finish
768099,하루달콤 하루쌉싸름,9,finish
726212,삶이 우리를 속일지라도,9,finish
768097,리안소울의 엑소클럽,9,finish
754484,안녕 나의 모모로,9,finish
743721,불발소년,9,finish
726467,틴맘,9,finish
708452,냐한남자,9,finish
740377,신상 미스터리 극장,9,finish
733080,그놈은 흑염룡,9,finish
745653,얌전한 사이,9,finish
737032,셧업앤댄스,9,finish
721109,Here U Are,9,finish
733768,오늘도 사랑하세요,9,finish
733765,저세상 클라스!,9,finish
738488,지구멸망버튼,9,finish
699415,간 떨어지는 동거,9,finish
739439,손아귀,9,finish
731019,그날 죽은 나는,9,finish
737378,블루투스,9,finish
752803,관계의 종말,9,finish
764796,지랄발광,9,finish
760350,낢다른 광화문광장 이야기,9,finish
602287,신의 언어,9,finish
752072,후기,9,finish
737831,9등급 뒤집기,9,finish
737009,FM보이,9,finish
761255,미스테리오소,9,finish
739114,아이고 아이고,9,finish
733006,너에게만 보이는,9,finish
698888,이것도 친구라고,9,finish
703843,비질란테,9,finish
753307,우리는 요정!,9,finish
761251,너에게 나를 던진다,9,finish
761252,우리는 여기!,9,finish
761253,4층복도끝천국,9,finish
726454,무주의 맹시,9,finish
728619,병의 기록,9,finish
733077,깁스맨,9,finish
721459,날 가져요,9,finish
761250,이별의 품격,9,finish
761249,차라리 만나지 않았더라면,9,finish
718019,옆집친구,9,finish
759129,달라 보여도 모두 같은 가족,9,finish
754873,스크립토리움,9,finish
731939,나의 우주,9,finish
761247,헬 인 파라다이스,9,finish
761248,차가운 장례식,9,finish
689845,부산스런 웹툰,9,finish
725552,열불 로맨스,9,finish
731297,갓물주,9,finish
759094,죽어도 로맨스,9,finish
721463,극야,9,finish
738547,선녀야 야옹해봐!,9,finish
727268,커넥트,9,finish
757657,기술찾아드림,9,finish
759093,연하의 맛,9,finish
733766,인생존망,9,finish
721949,일진이 사나워,9,finish
756672,오늘의 노담망(望)화,9,finish
759091,봉이 김선달,9,finish
759092,잭슨의 관,9,finish
732224,인싸라이프,9,finish
750523,에리타,9,finish
733395,꼬맹이를 부탁해!,9,finish
755642,내일을 부탁해,9,finish
603159,레사 시즌2~3,9,finish
751989,몰랐지만 괜찮아,9,finish
756072,하늘아래 우체부,9,finish
759090,라라파루자,9,finish
706770,언데드,9,finish
710754,화장 지워주는 남자,9,finish
710750,악마와 계약연애,9,finish
725831,땅 보고 걷는 아이,9,finish
642653,사이드킥 2~3,9,finish
737020,물레,9,finish
759089,유비님께 투자하겠어,9,finish
651673,유미의 세포들,9,finish
734040,현혹,9,finish
752534,2020 호랑 공포 단편선,9,finish
756070,이웃집의 훈훈한 스토커군,9,finish
737018,회춘,9,finish
756063,헌팅,9,finish
756064,반중력소녀,9,finish
756065,물고기가 보이는 남자,9,finish
714185,링크보이,9,finish
726211,사우러스,9,finish
756059,미스터 해녀,9,finish
756060,그녀는 무사다,9,finish
756061,세상과 하늘 사이,9,finish
756062,선녀님은 휴가중,9,finish
742889,노력의 결과,9,finish
745237,운수 오진 날,9,finish
734012,그녀의 버킷리스트,9,finish
753726,경기딸,9,finish
756053,형의 그녀,9,finish
756056,가난을 등에 업은 소녀,9,finish
756057,오컬트,9,finish
727826,교환일기,9,finish
753378,열렙전차,9,finish
703856,8월의 눈보라,9,finish
697535,웅이는 배고파,9,finish
713975,데드라이프,9,finish
739112,거미,9,finish
740386,개미,9,finish
730389,어쩔꼰대,9,finish
742048,갑자기 커피,9,finish
670144,가담항설,9,finish
753386,떨림,9,finish
742352,헬로도사,9,finish
737836,오버더문,9,finish
626906,패밀리 사이즈,9,finish
753384,비스트사인,9,finish
753385,가족의 초상,9,finish
727838,위대한 방옥숙,9,finish
700858,닥터 하운드,9,finish
751013,2020 최애캐의 MBTI,9,finish
733638,열등의 조건,9,finish
743025,야자괴담,9,finish
730465,지옥,9,finish
753380,공포단편선X,9,finish
753381,데빌카운터,9,finish
733274,만찢남녀,9,finish
730204,친애하는 X,9,finish
740482,11me,9,finish
729084,천사가 아니야,9,finish
750198,POGO 공포단편선 - 혼집,9,finish
710758,문래빗,9,finish
703841,꽃 피는 날,9,finish
734011,법대로 사랑하라,9,finish
732953,어글리 피플즈,9,finish
750580,세대전쟁,9,finish
750581,호야,9,finish
732255,갓도령스,9,finish
732259,텃밭부 사건일지,9,finish
730148,피와 살,9,finish
750577,파리대왕,9,finish
750578,영광의 교실,9,finish
160469,특수 영능력 수사반,9,finish
750575,이모네 집에 갔는데 이모는 없고,9,finish
750576,로딩,9,finish
749279,"대만에서, 너와 하루",9,finish
702422,니편내편,9,finish
752390,낢이 사는 이야기,9,finish
735982,귀신이지만 사랑하고 싶어,9,finish
750572,좋아하게 해줘,9,finish
750573,체인지,9,finish
726189,요괴대전,9,finish
732256,유령극단,9,finish
733746,하루,9,finish
731063,킬링타임,9,finish
750570,김왕짱,9,finish
750571,개미잡이,9,finish
734008,닭강정,9,finish
729038,머리카락을 뽑으면,9,finish
746860,함께 꿈꾸는 세상,9,finish
316909,그 판타지 세계에서 사는 법,9,finish
733137,어쩐지 수상하더라,9,finish
694946,귀전구담,9,finish
709732,하르모니아,9,finish
668103,시노딕,9,finish
748421,레이디악숀,9,finish
723414,속삭이는 e로맨스,9,finish
721919,마음의 숙제,9,finish
727189,이제 곧 죽습니다,9,finish
718017,방 안의 코끼리,9,finish
734041,밀웜,9,finish
695321,빙탕후루,9,finish
748414,뚝배기 깨러 왔습니다,9,finish
748416,102030,9,finish
748417,진정친구,9,finish
748418,살의,9,finish
748419,우리 안의 주,9,finish
718021,검은인간,9,finish
729037,호러전파상,9,finish
736227,여고전설,9,finish
722386,오라존미,9,finish
686312,열정호구,9,finish
730811,사소한 냐냐,9,finish
701081,스위트홈,9,finish
748409,신의한수,9,finish
748411,좀비소녀,9,finish
748413,방정사,9,finish
745186,데이빗,9,finish
697254,푸른사막 아아루,9,finish
727836,첫사랑입니다만,9,finish
730258,갓!김치,9,finish
670140,203호 저승사자,9,finish
724854,돼지우리,9,finish
746747,Yes my boss(예스마이보스),9,finish
746748,플라워(FLOWAR),9,finish
746749,한스와 에밀리,9,finish
746750,태릉좀비촌,9,finish
746751,토니와 함께,9,finish
716776,고인의 명복,9,finish
729946,악취,9,finish
723790,금붕어,9,finish
746740,냄새를 보는 소녀,9,finish
746741,언럭키 맨션,9,finish
746744,견원지간 로맨스,9,finish
746746,텍사스홀덤,9,finish
670149,테러맨,9,finish
725830,같은도장,9,finish
713055,호곡,9,finish
22897,호랭총각,9,finish
714834,자취로운 생활,9,finish
736875,네트를 넘어 V,9,finish
737835,아이키우는만화,9,finish
720810,블랙엔젤,9,finish
745570,블러드레인,9,finish
730259,스퍼맨3: 현자단의 역습,9,finish
720127,쎈놈,9,finish
740423,도전 K-스타트업,9,finish
714886,신을 죽이는 방법,9,finish
733284,구원자,9,finish
743720,스퍼맨 시즌2,9,finish
703833,점핑오버,9,finish
635174,씬커,9,finish
739166,또한번 엔딩,9,finish
722542,"열렬하게, 단하나",9,finish
727191,모퉁이 뜨개방,9,finish
741928,어서와,9,finish
740079,다함께 이겨내요,9,finish
678494,동토의 여명,9,finish
721461,꽃미남 저승사자,9,finish
710768,아르마,9,finish
568986,용이산다,9,finish
716164,로베스의 완전감각,9,finish
738972,낢과 여정이의 신비한 여행,9,finish
694807,마왕이 되는 중2야,9,finish
700843,우리 오빠는 아이돌,9,finish
718016,소녀 연대기,9,finish
723714,용비불패 완전판,9,finish
720120,내 어린고양이와 늙은개,9,finish
713289,참새는 새!신부,9,finish
724965,플랫다이어리,9,finish
693444,Doll 체인지,9,finish
732071,가령의 정체불명 이야기,9,finish
713581,내 여자친구는 상남자,9,finish
724817,귀인,9,finish
726210,헬프탑,9,finish
720128,금요일 베스트,9,finish
737506,GO!구마 가족,9,finish
723357,라스트 서브미션,9,finish
710639,5kg을 위하여,9,finish
709992,옆반의 인어,9,finish
722728,꿀벌과 아카시아,9,finish
720190,머니게임,9,finish
710741,부로콜리왕자,9,finish
646358,백귀야행지,9,finish
733082,"수상한 자판기 (feat,금연)",9,finish
729255,개장수,9,finish
119874,덴마,9,finish
670139,부활남,9,finish
703308,신석기녀,9,finish
719507,냥하무인,9,finish
712694,MZ-레이징 인페르노,9,finish
720121,치즈인더트랩,9,finish
733771,퓨리스틱,9,finish
719899,살인자o난감,9,finish
720117,킬러분식,9,finish
733081,2019 루키 단편선,9,finish
730980,당신에게 끌리는 올바른 이유,9,finish
729039,레이드,9,finish
716163,늑대와 빨간모자,9,finish
708378,타인은 지옥이다,9,finish
731936,"오늘, 걸을까?",9,finish
710755,그랜드 배틀 토너먼트,9,finish
734348,수능일기,9,finish
712901,위장불륜 (僞裝不倫),9,finish
729259,숨:킬더바디,9,finish
721559,푸들과 Dog거중,9,finish
718707,한남동 케이하우스,9,finish
732056,썸머 브리즈,9,finish
713334,이름을 불러주세요,9,finish
718022,신시의 손님,9,finish
703628,성공한 덕후,9,finish
703633,"안녕, 대학생",9,finish
729735,남산선녀전,9,finish
733488,메이크 업 드림 - Make Up Dream,9,finish
710748,호러와 로맨스,9,finish
699659,좋아하는 부분,9,finish
733413,천리마 네버다이,9,finish
729048,아싸! 달콤한 인생,9,finish
703307,신암행어사,9,finish
703854,식스틴,9,finish
729049,2019 귀신사용설명서 - 괴담의 재구성,9,finish
732403,타인지옥 - 연쇄살묘사건,9,finish
707671,소유,9,finish
626939,둥굴레차!,9,finish
697537,허니허니 웨딩,9,finish
717059,12차원 소년들,9,finish
651617,연애의 정령,9,finish
723362,몽연,9,finish
719277,허니버니,9,finish
723758,하늘쌤은 피곤해,9,finish
665170,귀도호가록,9,finish
651664,밥 먹고 갈래요?,9,finish
703855,창궐,9,finish
729374,보다 나은 식당,9,finish
694805,하나의 하루,9,finish
721456,클로즈업,9,finish
698469,언원티드,9,finish
718018,알고있지만,9,finish
703635,오직 나의 주인님,9,finish
720116,데우스 엑스 마키나,9,finish
723862,한국만화 또 다른 시선,9,finish
708453,고교생을 환불해 주세요,9,finish
697656,조의 영역,9,finish
713294,왕으로 살다,9,finish
721458,파리의 우리동네,9,finish
642700,공복의 저녁식사,9,finish
682637,놓지마 정신줄 시즌2,9,finish
723007,알파,9,finish
721920,나는 남 너는 녀,9,finish
703851,꼬리,9,finish
699658,오늘도 사랑스럽개,9,finish
668101,결계녀,9,finish
703836,파도를 찾아라!,9,finish
684435,구구까까,9,finish
703853,수학 잘하는 법,9,finish
722382,화양연화 Pt.0 ＜SAVE ME＞,9,finish
714293,캉타우,9,finish
720716,에이틴,9,finish
679519,대학일기,9,finish
698247,찬란하지 않아도 괜찮아,9,finish
722937,오늘도 마음을 다 해,9,finish
578108,강변살다,9,finish
710390,비둘기가 물고 온 남자,9,finish
668723,이상하고 아름다운,9,finish
723365,2019 병영일기,9,finish
703838,홍차리브레,9,finish
679570,귀각시,9,finish
703631,방백남녀,9,finish
711899,와장창창! 자취맨,9,finish
622644,아메리카노 엑소더스,9,finish
710081,암흑도시,9,finish
714839,병의 맛,9,finish
710752,혈투,9,finish
705328,환상적인 소년,9,finish
721260,2D남친 별책부록,9,finish
697685,신과함께,9,finish
25455,노블레스,9,finish
703629,열대어,9,finish
710765,펀브로커,9,finish
710757,완벽하지 않은 키스,9,finish
719154,부릉부릉 천리마마트,9,finish
670150,나노리스트,9,finish
710762,반투명인간,9,finish
718023,너 사용법,9,finish
709628,나의 짝사랑 고백법,9,finish
710766,불괴,9,finish
717480,여심강타(feat.금연),9,finish
717031,2018 루키 단편선,9,finish
675331,하이브 3,9,finish
703842,반듯한 이용으로 당신을 응원합니다!,9,finish
717446,안전의 참견 시즌2,9,finish
703848,파우스트 인 러브,9,finish
710756,일진에게 회초리,9,finish
716782,가족사랑툰,9,finish
713872,연의 편지,9,finish
716517,여기는 시에라리온,9,finish
708427,만 화 고,9,finish
702165,간질간질,9,finish
703835,1인용 기분,9,finish
696617,피에는 피,9,finish
579352,에피소드칵테일,9,finish
657948,서북의 저승사자,9,finish
712548,성공의 비밀,9,finish
714880,괜찮니? 얘들아,9,finish
622643,진눈깨비 소년,9,finish
694806,야채호빵의 봄방학,9,finish
703845,죽음에 관하여,9,finish
666670,모태솔로수용소 시즌2~3,9,finish
714568,2018 재생금지,9,finish
654809,스피릿 핑거스,9,finish
710764,ㄹㅇ 관종,9,finish
704595,이말년씨리즈 2018,9,finish
694131,퍼스트 미션,9,finish
644180,하루 3컷,9,finish
700139,환생동물학교,9,finish
675823,감염자,9,finish
681453,지금 이 순간 마법처럼,9,finish
696602,연애학,9,finish
678499,공대생 너무만화,9,finish
713915,내 ID는 강남미인! - 둘만의 시간,9,finish
703837,아기낳는만화,9,finish
702170,심연의 하늘 시즌5,9,finish
697679,쌉니다 천리마마트,9,finish
658076,팀 피닉스,9,finish
695585,뱀이 앉은 자리,9,finish
679567,금수저,9,finish
710649,검은 마법사 Origin,9,finish
712003,여중생A-우리들의 축제,9,finish
660366,마스크걸,9,finish
702423,10월 28일,9,finish
169080,Penguin loves Mev,9,finish
703840,한국만화 1990,9,finish
686669,첩보의 별 시즌2,9,finish
690594,우리집에 곰이 이사왔다,9,finish
700361,미스터리 호러 지하철,9,finish
655744,오!주예수여,9,finish
653344,기로,9,finish
316911,탈(TAL),9,finish
654333,이별만화 완성도,9,finish
670151,갸오오와 사랑꾼들,9,finish
675393,한번 더 해요,9,finish
706083,아버지의 컵,9,finish
705414,낢마다 상쾌한 일기,9,finish
693431,계룡선녀전,9,finish
693429,그들에게 사면초가,9,finish
24965,마술사,9,finish
449854,돌아온 럭키짱,9,finish
694191,MZ-퓨어 이블,9,finish
687921,아일랜드 2부,9,finish
374974,심심한 마왕,9,finish
697654,인간의 숲,9,finish
650304,슈퍼 시크릿,9,finish
687137,구름의 이동속도,9,finish
509094,조선좀비실록,9,finish
703526,빨리오지 천리마마트,9,finish
697681,목욕의 신,9,finish
703634,마주쳤다,9,finish
703121,운수 좋은 짤,9,finish
677536,내 ID는 강남미인!,9,finish
702463,2017 루키 단편선,9,finish
675829,동네변호사 조들호 시즌2,9,finish
695768,오늘부터 주군,9,finish
702674,우리반 아이돌,9,finish
686018,오늘도 핸드메이드!,9,finish
702435,섬나라 메생이국,9,finish
696593,DEY 호러채널,9,finish
652418,파도의 주인,9,finish
692512,데모니악,9,finish
701699,달콤한 인생_스페셜 에피소드,9,finish
670131,천국의 신화 6부,9,finish
701054,르완 多 한 컷,9,finish
578125,썬데이 상담소,9,finish
686911,공감.jpg,9,finish
651665,야부리맨,9,finish
677753,킬러 김빵빵,9,finish
700761,이 편의점 실화냐?,9,finish
679569,차원이 다른 만화,9,finish
700327,2017 멋진 신세계,9,finish
459545,당신만 몰라!,9,finish
700074,엑스트라 이야기(feat.금연),9,finish
690020,군인RPG,9,finish
679544,문유,9,finish
665618,웃지 않는 개그반 시즌3,9,finish
400742,이런 영웅은 싫어,9,finish
699633,희생부활자,9,finish
25613,생활의참견,9,finish
660025,송곳 4~5부,9,finish
551649,낮에 뜨는 달,9,finish
650292,달수 이야기,9,finish
692510,오늘도 형제는 평화롭다,9,finish
697655,절벽귀,9,finish
643123,녹두전,9,finish
693445,열일곱,9,finish
697213,안전의 참견,9,finish
687610,잡다한컷,9,finish
659934,나는 귀머거리다,9,finish
654817,미라클! 용사님,9,finish
647946,여중생A,9,finish
675559,부부생활,9,finish
689705,완벽한 허니문,9,finish
243315,우리들은 푸르다,9,finish
310616,원티드,9,finish
626940,오즈랜드,9,finish
689701,"이기자, 그린",9,finish
694803,㈜ 소크라테스,9,finish
694195,오늘도 고양이답게,9,finish
666671,컨트롤제트,9,finish
694190,지니의 세포들,9,finish
692108,안동 간고디,9,finish
679545,블랙수트,9,finish
626949,바로잡는 순애보,9,finish
612769,언터처블,9,finish
675516,참치와 돌고래,9,finish
690502,2017 사이다를 부탁해!,9,finish
677740,투명한 동거,9,finish
691781,에코히어로,9,finish
597481,찌질의 역사,9,finish
597473,원 뿔러스 원,9,finish
690596,청년창업 기프트카툰,9,finish
690598,평범한 전학생들,9,finish
675830,MZ,9,finish
640110,숲 속의 미마,9,finish
630386,인챈트-나람이야기,9,finish
629056,윈터우즈,9,finish
675822,대작,9,finish
689182,물범이의 히든카드!,9,finish
689012,미스터 나이팅게일,9,finish
557675,하나(HANA),9,finish
686879,"꿈꾸는 소녀, 소년",9,finish
674209,스퍼맨 시즌1,9,finish
686885,2016 루키 단편선,9,finish
657522,악의는 없다,9,finish
686880,아고믹 라이프,9,finish
651675,우바우,9,finish
687130,밀가루침공,9,finish
687128,속편한 신입사원,9,finish
687129,쿠키의 신,9,finish
687127,본격 말년런 만화,9,finish
687126,쿠키히어로,9,finish
687125,구운세상,9,finish
679547,심연의 하늘 시즌4,9,finish
686697,풍요로운 생활의 발견,9,finish
597466,매지컬 고삼즈,9,finish
680193,한국만화거장전 : 만화보물섬,9,finish
686019,나의 인생샷을 찾아서,9,finish
686549,특근,9,finish
686342,잡지마 위기종,9,finish
670147,레코닝,9,finish
686029,에티오피아에서 그렸낢,9,finish
665174,만렙소녀 오오라,9,finish
666537,3P,9,finish
685989,폰령,9,finish
358422,소녀더와일즈,9,finish
682222,귀도,9,finish
684741,헬스툰 시즌1,9,finish
678500,아일랜드 1부,9,finish
409629,죽은 마법사의 도시,9,finish
297795,크리퍼스큘,9,finish
678497,오렌지 모멘트,9,finish
682265,3인칭,9,finish
675392,첩보의 별,9,finish
682633,메달 브레이커,9,finish
654331,썸남,9,finish
682803,2016 비명,9,finish
683304,가우스 임파서블2,9,finish
400740,천년구미호,9,finish
530312,독신으로 살겠다,9,finish
602921,이말년 서유기,9,finish
661043,상중하,9,finish
646359,밥풀때기,9,finish
680905,REBORN,9,finish
675474,아이소포스 3부,9,finish
680911,무한도전 릴레이툰,9,finish
81482,놓지마 정신줄,9,finish
643302,중립디자인구역,9,finish
680107,검협전기,9,finish
679490,백전불패,9,finish
61731,판다독,9,finish
663887,아이돌 연구소,9,finish
670146,놓정동화,9,finish
669360,뱀피르,9,finish
617882,모던패밀리 2,9,finish
669357,해피,9,finish
677700,新토닥토닥뎐,9,finish
668102,소곤소곤,9,finish
656641,적생,9,finish
654316,우렁집사,9,finish
654317,전설의 레전드,9,finish
628997,후레자식,9,finish
669358,레드돌,9,finish
668049,퍼스트 스위트,9,finish
675556,2016 학교 다녀오겠습니다,9,finish
666196,프린스의 왕자 - 카페 드 쇼콜라 -,9,finish
423384,소울카르텔,9,finish
673010,체육왕,9,finish
621494,국립자유경제고등학교 세실고 2학기,9,finish
671270,금세 사랑에 빠지는,9,finish
660333,마야고,9,finish
517252,스페이스 킹,9,finish
640050,엄마와 딸 x2,9,finish
597449,샌프란시스코 화랑관,9,finish
551648,오성X한음,9,finish
546625,동네변호사 조들호 시즌1,9,finish
22027,삼국전투기,9,finish
669168,최강의 폭주 더 레전드,9,finish
644111,손의 흔적,9,finish
646568,2호선 세입자,9,finish
662160,후유증 2,9,finish
642604,화이트멜로우,9,finish
656469,천적,9,finish
668948,코드명 가우스,9,finish
663752,일렉트로맨,9,finish
551650,오빠 왔다,9,finish
668050,비밀의 팜로드,9,finish
609480,하이브 1~2,9,finish
511447,어빌리티,9,finish
652122,철벽! 연애 시뮬레이션,9,finish
645129,워킹히어로,9,finish
622646,마녀사냥,9,finish
666516,2015 사이,9,finish
642599,아이덴티티,9,finish
667010,오민혁 단편선,9,finish
515883,사또(Satto),9,finish
658823,천국의 신화,9,finish
666673,2015 루키 단편선,9,finish
423383,스페이스 차이나드레스,9,finish
628876,나는 너를 보았다,9,finish
664839,어미나톡,9,finish
608263,늘 푸른 찻집,9,finish
664833,선생님이 간다!,9,finish
661405,밈의 스마트 라이프,9,finish
654318,미래소녀,9,finish
663851,북적북적 패밀리,9,finish
664835,우리가족 응급주치의,9,finish
664837,그린링 에코콩,9,finish
51007,리얼주주,9,finish
655277,고고고,9,finish
662898,라크리모사,9,finish
663681,가우스 임파서블,9,finish
628998,데드데이즈(DEAD DAYS),9,finish
661886,달려라!메리,9,finish
570505,"아이소포스 1, 2부",9,finish
651939,나처럼 던져봐,9,finish
537989,장미아파트 공경비,9,finish
629128,2024,9,finish
655748,공주는 잠 못 이루고,9,finish
602923,안 돼요 마왕님!,9,finish
414609,바람이 머무는 난,9,finish
659273,본격금연권장만화,9,finish
509092,시큼새큼,9,finish
630832,크레이터,9,finish
608261,심연의 하늘 시즌 1~3,9,finish
632341,남과 여,9,finish
657934,2015 소름,9,finish
632344,두근거려요,9,finish
619935,일등당첨,9,finish
638994,Ho!,9,finish
658524,"힘내요, 달마과장!",9,finish
507638,신령,9,finish
647947,저승에서 만난 사람들,9,finish
657467,미스터 모,9,finish
612767,블랙시저스,9,finish
635989,우리 헤어졌어요,9,finish
622648,모태솔로수용소,9,finish
497180,언더클래스 히어로,9,finish
652466,조석축구만화,9,finish
503253,웃지 않는 개그반 시즌1~2,9,finish
622640,프린스의 왕자,9,finish
460688,노네임드(NoNameD),9,finish
644182,지새는 달,9,finish
654819,DK9,9,finish
653857,버닝헬,9,finish
629055,불만시대,9,finish
528785,차차차,9,finish
632337,재앙은 미묘하게,9,finish
651663,빨간책,9,finish
643607,한국만화거장전 : 순정만화특집,9,finish
26108,언더프린,9,finish
563785,플로우,9,finish
632705,딥(DEEP),9,finish
608265,질풍기획 시즌2,9,finish
626946,버퍼링,9,finish
641580,일사부재리,9,finish
440244,제페토,9,finish
389848,헬퍼,9,finish
651670,낢 부럽지 않은 신혼여행기,9,finish
374973,문아,9,finish
652403,올해의 벚꽃도 함께,9,finish
622641,붉은 실,9,finish
639080,영수의 봄,9,finish
639604,여탕보고서,9,finish
452116,MY OH,9,finish
546805,알게뭐야,9,finish
395442,격투기특성화사립고교 극지고,9,finish
597480,스튜디오 짭쪼롬,9,finish
632342,오늘 밤은 어둠이 무서워요,9,finish
602922,송곳 1~3부,9,finish
502673,파라다이스,9,finish
316914,혈액형에 관한 간단한 고찰,9,finish
616238,사이드킥,9,finish
613076,퇴마전쟁,9,finish
644117,2015 우주특집 단편,9,finish
471283,모두에게 완자가,9,finish
643549,피아노,9,finish
632330,빙의,9,finish
643548,낢 따라 해봐요,9,finish
557674,미선 임파서블,9,finish
563784,뱀파이어,9,finish
537990,싸귀2 : 퇴마록,9,finish
607486,미결,9,finish
579416,리즌,9,finish
640168,아직도 못 맞춰 보았나! 블쓰헤드샷!,9,finish
521533,SM 플레이어,9,finish
639006,응급로맨스,9,finish
623591,스타일ON 시즌2,9,finish
622647,출격! 반보트,9,finish
636350,Hi! High!,9,finish
608258,아프니까 병원이다,9,finish
613933,운빨로맨스,9,finish
616883,미쳐 날뛰는 생활툰,9,finish
635187,2014 루키 단편선,9,finish
609477,소년들은 무엇을 하고 있을까,9,finish
628461,상처공감 다이어리 시즌2,9,finish
604146,모디파이,9,finish
505715,꽃가족,9,finish
511444,버프소녀 오오라,9,finish
631780,"2014 네이버 웹툰, 왓 이프?",9,finish
627127,아직도 안 깔아 보았나!? 넵스토어!,9,finish
626904,시타를 위하여,9,finish
325631,시간의 섬,9,finish
551647,킥,9,finish
620642,보세왕,9,finish
409630,역전! 야매요리,9,finish
537991,사랑의 외계인,9,finish
629131,곽백수의 신 트라우馬,9,finish
608259,레드카펫,9,finish
624920,손발톱스타,9,finish
627662,붙였다 뗐다! 야매 집밥요리,9,finish
81483,어른스러운 철구,9,finish
622639,헬로 미스터 테디,9,finish
483796,강시대소동,9,finish
622638,섀도우,9,finish
579414,은주의 방,9,finish
602925,드래곤레시피,9,finish
532057,투엔티스,9,finish
563787,피리부는 남자,9,finish
571278,연봉신,9,finish
528781,기적! 우리에게 일어난 일들,9,finish
570504,열무가 익어간다,9,finish
620640,웰컴투 피자월드,9,finish
570502,아이들은 즐겁다,9,finish
602930,너와 너 사이,9,finish
26316,와라! 편의점,9,finish
592721,죄의 파편,9,finish
599232,실질객관영화,9,finish
570696,우리의 이상한 여행,9,finish
530311,코끼리를 끌어안는 방법,9,finish
613814,10대훈녀클럽,9,finish
578105,네가 없는 세상,9,finish
579417,판타지스케치 - 더 게임,9,finish
546626,새와 같이,9,finish
507276,그녀는 흡!혈귀,9,finish
590252,한국만화거장전,9,finish
605137,제비원 이야기,9,finish
521504,모던패밀리,9,finish
293523,닥터 프로스트 시즌 1~2,9,finish
606911,별을 부탁해,9,finish
495498,빵점동맹,9,finish
546624,국립자유경제 고등학교 세실고,9,finish
551651,악플게임,9,finish
462900,한줌물망초,9,finish
423392,좀비를 위한 나라는 없다,9,finish
557678,그날의 생존자들,9,finish
578106,소나기야,9,finish
597593,2013 루키 단편선,9,finish
414611,라이징패스트볼,9,finish
471286,키드갱 시즌2,9,finish
604147,터치! 메리크리스마스,9,finish
577830,풋볼 데이브레이커,9,finish
293520,오렌지 마말레이드,9,finish
599200,모자뜨기클럽,9,finish
471181,기사도,9,finish
481793,ENT.,9,finish
546750,내일은 웹툰,9,finish
89097,고고루키루,9,finish
595823,출동! 히어로 전사,9,finish
563782,아랫집 시누이,9,finish
517773,방과 후 전쟁활동,9,finish
452117,미숙한 친구는 G구인,9,finish
563786,"OH, MY GOD!",9,finish
528784,맛집남녀,9,finish
507275,네로의 실험실,9,finish
423377,월남특급,9,finish
460687,아이들의 권 선생님,9,finish
325630,기태류,9,finish
557673,수업시간그녀,9,finish
332797,움비처럼,9,finish
541901,마인드컨트롤,9,finish
581630,"꼭, 딱, 똑으로 시작",9,finish
509093,아빠를 찾습니다,9,finish
507274,위아더 능력자!,9,finish
574303,2013 전설의고향,9,finish
546620,바람의 색,9,finish
569639,너와 나의 거리는 8.5,9,finish
297796,사랑의 아쿠아리움,9,finish
546622,레인보우 로즈,9,finish
520599,진진돌이 제로,9,finish
337964,타임인조선,9,finish
478262,레사 시즌1,9,finish
96908,삵의 발톱,9,finish
400741,카오스어택,9,finish
500943,새벽9시,9,finish
514917,나의 목소리를 들어라,9,finish
492659,사랑일까?,9,finish
259893,소년전[Limit],9,finish
511454,우주전함 몰라몰라,9,finish
528782,사랑을 연기하다,9,finish
460689,기타맨,9,finish
72939,개판,9,finish
520600,인형의 기사,9,finish
460686,아는사람 이야기,9,finish
325629,패션왕,9,finish
557527,맨 vs 던전,9,finish
552730,퐁당훈녀클럽,9,finish
337962,오늘의 낭만부,9,finish
511446,닭통령 계양반,9,finish
226807,그린보이,9,finish
55143,일상날개짓,9,finish
72497,비흔,9,finish
500944,무한동력,9,finish
387518,달콤한 인생,9,finish
524353,경운기를 탄 왕자님,9,finish
520598,스펙트럼 분석기,9,finish
537001,"초오오~액션, 개그반",9,finish
414612,꽃밭에솔,9,finish
400737,고삼이 집나갔다,9,finish
336945,길에서 만나다,9,finish
517661,와라! 원아이디,9,finish
403631,스마트폰 게임 개발 이야기,9,finish
52946,스쿨홀릭,9,finish
103759,이말년씨리즈,9,finish
471284,후유증,9,finish
507278,와라! 플래닛!,9,finish
24530,MLB카툰,9,finish
301382,웨스트우드 비브라토,9,finish
500945,한 살이라도 어릴 때,9,finish
459546,삼봉이발소,9,finish
409628,S라인,9,finish
499334,2012 루키 단편선,9,finish
336944,오란씨100,9,finish
498158,네이버 앱피소드,9,finish
69296,진진돌이 에볼루션,9,finish
254132,옆집화랑,9,finish
251575,방울토마토,9,finish
113119,아부쟁이,9,finish
483506,징검다리,9,finish
25913,크레이지 커피 캣,9,finish
443421,악당의 사연,9,finish
490549,2012 지구가 멸망한다면?,9,finish
466537,만나는 보았나! 100%리얼맨!,9,finish
423376,비바 산티아고,9,finish
407142,연 시즌2,9,finish
112931,아스란영웅전,9,finish
483507,봉수의 다이어리,9,finish
360613,리버스,9,finish
400735,한섬세대,9,finish
400736,초록인간,9,finish
70046,실질객관동화,9,finish
164320,자율공상축구탐구만화,9,finish
260510,MODERN BOYS,9,finish
469374,남기한 직장인 만들기,9,finish
256855,질풍기획 시즌1,9,finish
347685,슈퍼트리오 시즌2,9,finish
170785,국가의 탄생,9,finish
259937,별의 유언,9,finish
434644,폭풍의 전학생 - 리부트,9,finish
443422,키드갱,9,finish
316908,멍순이,9,finish
318994,아이고(IGO),9,finish
317365,고시생툰,9,finish
105533,커피우유신화,9,finish
400738,부토,9,finish
455923,천방지축 매직히어로,9,finish
258207,그런지,9,finish
191347,연애세포,9,finish
432252,인생은 타이밍이다!,9,finish
160461,뜨거운 것이 좋아.,9,finish
387517,나란의사 그런의사,9,finish
419581,스쿨홀릭 : 작업의 공식,9,finish
374970,얼룩말,9,finish
416665,GOOD BYE TB,9,finish
415350,엘리오스 전기,9,finish
308801,봄이여 오라,9,finish
140444,콘스탄쯔 이야기,9,finish
284940,요리대마왕,9,finish
258206,LOST,9,finish
419713,전통발효식품 도전기,9,finish
337963,지상 최악의 소년,9,finish
409100,만화사랑 캠페인,9,finish
150388,폭풍의 전학생,9,finish
148778,야! 오이,9,finish
268859,지원,9,finish
15568,수사9단,9,finish
395444,2011 루키 단편선,9,finish
24995,세개의시간,9,finish
387491,다함께 잘사는 세계,9,finish
67235,지금 우리 학교는,9,finish
55150,남기한엘리트만들기,9,finish
26671,레드초콜릿,9,finish
377688,태환이의 GOLD STORY,9,finish
360841,상처공감 다이어리,9,finish
317362,다욤이의 다이어트 다이어리,9,finish
169081,단군할배요,9,finish
25735,어서오세요.305호에,9,finish
358286,단편 할머니/나는내일죽는다,9,finish
350217,2011 미스테리 단편,9,finish
347693,항 때문이야,9,finish
308751,잉잉잉,9,finish
205528,굿모닝 스페이스,9,finish
142911,멜로홀릭,9,finish
254143,스토커,9,finish
183558,"스마일 브러시, 오래된 사진.",9,finish
339643,애니타임 브런치,9,finish
258205,프로젝트 X,9,finish
226806,테제,9,finish
51006,은하연인전,9,finish
63453,묵회,9,finish
318993,사랑은 오디션이다,9,finish
301377,뷰티플 게임,9,finish
150387,바이올린처럼.,9,finish
233265,견우와 직녀,9,finish
103391,징글정글,9,finish
277235,리턴,9,finish
72499,흐드러지다,9,finish
274400,혜성같은 소년,9,finish
68684,핑크레이디 클래식,9,finish
312979,힘내요 일본!-[릴레이웹툰],9,finish
72938,그린스마일,9,finish
63129,보톡스,9,finish
282428,Attention please!,9,finish
26084,열쇠줍는아이,9,finish
15640,입시명문사립 정글고등학교,9,finish
169082,키스우드,9,finish
264168,아하! 이게 바로 외교!,9,finish
188197,미호이야기,9,finish
247228,발컨 길들이기,9,finish
179704,안나라수마나라,9,finish
260186,Wish Festival,9,finish
206146,열아홉스물하나,9,finish
244245,"꿈, 날개를 달다.",9,finish
255088,기능의 재발견,9,finish
188199,동경소녀,9,finish
186814,심부름센터 K,9,finish
147175,거상 김만덕,9,finish
186813,증거,9,finish
137706,의령수,9,finish
163295,공부하기 좋은 날,9,finish
137710,피터팬날다,9,finish
94761,소설가J,9,finish
26086,심장이뛰다,9,finish
23182,싸우자귀신아,9,finish
170791,"나의 꿈, 나의 일",9,finish
76759,패밀리맨,9,finish
164285,애프터 스쿨홀릭,9,finish
148975,낢에게와요,9,finish
150537,다시 한 번 대한민국,9,finish
63454,구름의 노래,9,finish
150389,스마일브러시,9,finish
58219,연옥님이 보고계셔,9,finish
150535,알파라이징 라이프,9,finish
76758,"17살, 그 여름날의 기적",9,finish
156587,두근두근 투모로우,9,finish
150569,한.마.디.로,9,finish
89098,몽타주,9,finish
142910,탐구생활4-그대와 함께 하이킹,9,finish
78805,판타스틱 어른백서,9,finish
131796,스마트리포트,9,finish
113121,겨울동화,9,finish
94760,악연,9,finish
112933,색으로 말하다,9,finish
116240,지킬수록 기분좋은 기본,9,finish
25898,펫다이어리2.런,9,finish
113511,열가지 묻지馬 이야기,9,finish
132459,고(故)길창덕화백 추모웹툰,9,finish
73352,연,9,finish
96385,드림풋볼,9,finish
92349,내일을 준비하는 우리들의 이야기,9,finish
65410,두근두근두근거려,9,finish
80536,다섯작가의 이런저런이야기,9,finish
26107,새끼손가락,9,finish
52993,우월한 하루,9,finish
72498,나는 어디에 있는 거니,9,finish
63456,만화가를 만나다,9,finish
76065,꽃보다 식물,9,finish
70920,로봇빠찌,9,finish
69297,번개기동대 2009,9,finish
26074,카라멜마끼아또,9,finish
26216,일편단심화,9,finish
67340,번데기스,9,finish
62251,플루타크 영웅전,9,finish
74753,wow VS Olleh,9,finish
25904,러브판타지페이퍼,9,finish
66913,사노라면,9,finish
69113,고(故)노무현 前대통령 추모웹툰,9,finish
65409,하하하 만화세상,9,finish
26458,N의등대-눈의등대,9,finish
57875,슈퍼트리오,9,finish
26115,고향의꽃,9,finish
26114,탐구생활3,9,finish
26431,창위의일루젼,9,finish
56440,백투스쿨,9,finish
22896,핑크레이디,9,finish
26473,N의등대-도망자,9,finish
26460,N의등대-busted,9,finish
53559,절세미인프로젝트,9,finish
25897,내일은 럭키곰스타,9,finish
26456,N의등대-thecalling,9,finish
26310,3단합체김창남,9,finish
15441,골방환상곡,9,finish
50423,꿈의카페영다방,9,finish
26440,반지의제왕,9,finish
26101,와탕카2,9,finish
25695,향수,9,finish
50422,개편 축하 릴레이 카툰,9,finish
22043,에피소드메이비,9,finish
26405,고맙습니다,9,finish
26411,아이러브올림픽게임즈,9,finish
26144,취업의소리,9,finish
25050,태왕광개토,9,finish
25714,제로,9,finish
22052,트라우마,9,finish
25517,식스센스,9,finish
24525,탐구생활2,9,finish
24777,구석구석캠페인,9,finish
22037,체스아일,9,finish
23183,펫다이어리,9,finish
24952,기다리다미쳐,9,finish
22090,도자기,9,finish
20762,AA,9,finish
15439,사랑in,9,finish
22073,까뱅,9,finish
15938,와탕카,9,finish
15569,타투,9,finish
